V_TG,V_BG,R
-1.5,-1.0,0.23883142711582106
-1.4925,-1.0,0.23166570323372956
-1.485,-1.0,0.2410815560946262
-1.4775,-1.0,0.25156777124989593
-1.47,-1.0,0.2312796879205653
-1.4625,-1.0,0.2315368702294047
-1.455,-1.0,0.25306642194634077
-1.4475,-1.0,0.24383105228384255
-1.44,-1.0,0.22958338905942596
-1.4325,-1.0,0.24177705854156128
-1.425,-1.0,0.2302275197030725
-1.4175,-1.0,0.23049876817788684
-1.41,-1.0,0.2391674170752091
-1.4025,-1.0,0.2139946881474475
-1.395,-1.0,0.2165273274067263
-1.3875,-1.0,0.23063530240510138
-1.38,-1.0,0.22562428259589162
-1.3725,-1.0,0.24176298956455977
-1.365,-1.0,0.22757399640132386
-1.3575,-1.0,0.22192182944327216
-1.35,-1.0,0.25670955863750566
-1.3425,-1.0,0.2368878526361491
-1.335,-1.0,0.2408270501036452
-1.3275000000000001,-1.0,0.22332525603639009
-1.32,-1.0,0.23434984188724106
-1.3125,-1.0,0.2427135735984297
-1.305,-1.0,0.22793974015453888
-1.2975,-1.0,0.24691186824005878
-1.29,-1.0,0.2355833022452878
-1.2825,-1.0,0.23986403663187933
-1.275,-1.0,0.23663055118889703
-1.2675,-1.0,0.2671959054766666
-1.26,-1.0,0.24498063226306008
-1.2525,-1.0,0.2327701118605785
-1.245,-1.0,0.2565478170641155
-1.2375,-1.0,0.23200238385040922
-1.23,-1.0,0.25037127958865757
-1.2225000000000001,-1.0,0.22416107630186627
-1.215,-1.0,0.2327152677833629
-1.2075,-1.0,0.2525208684282865
-1.2,-1.0,0.2601480298855879
-1.1925,-1.0,0.2539034410191948
-1.185,-1.0,0.2511865762337105
-1.1775,-1.0,0.24977271633085024
-1.17,-1.0,0.23575855419713992
-1.1625,-1.0,0.2464145243878794
-1.155,-1.0,0.2507900709732975
-1.1475,-1.0,0.2714744587450413
-1.1400000000000001,-1.0,0.2634995781685879
-1.1325,-1.0,0.2373691736779214
-1.125,-1.0,0.2658940600189838
-1.1175,-1.0,0.25800227261996933
-1.1099999999999999,-1.0,0.2556084148279897
-1.1025,-1.0,0.27428755986845366
-1.095,-1.0,0.2816369548549238
-1.0875,-1.0,0.28217429403920097
-1.08,-1.0,0.2601328857597271
-1.0725,-1.0,0.2693326044966411
-1.065,-1.0,0.28030728652586634
-1.0575,-1.0,0.29163983700847074
-1.05,-1.0,0.27386484662162874
-1.0425,-1.0,0.28066462933989383
-1.0350000000000001,-1.0,0.2703881106743298
-1.0275,-1.0,0.27208563467301594
-1.02,-1.0,0.304744634591705
-1.0125,-1.0,0.3167323230904914
-1.005,-1.0,0.2996694536639478
-0.9975,-1.0,0.32062422540958746
-0.99,-1.0,0.31595440450260637
-0.9825,-1.0,0.30575606368358366
-0.975,-1.0,0.32804157705527875
-0.9675,-1.0,0.3546074779909985
-0.96,-1.0,0.33670057996396996
-0.9525,-1.0,0.3735919447368423
-0.9450000000000001,-1.0,0.31032304294100205
-0.9375,-1.0,0.38469048985060916
-0.93,-1.0,0.3858756931993967
-0.9225,-1.0,0.3958813626364441
-0.915,-1.0,0.4255208447104137
-0.9075,-1.0,0.4059965044994687
-0.9,-1.0,0.48062985288247123
-0.8925000000000001,-1.0,0.5426913708276366
-0.885,-1.0,0.6441762951902303
-0.8775000000000001,-1.0,0.6830130942954007
-0.87,-1.0,0.8383365885581737
-0.8625,-1.0,1.2017308524143793
-0.855,-1.0,2.5485050530864872
-0.8475,-1.0,3.930799832286292
-0.8400000000000001,-1.0,1.4043560152181884
-0.8325,-1.0,0.9692337962552473
-0.8250000000000001,-1.0,0.7339593886669463
-0.8175,-1.0,0.6404567443840128
-0.81,-1.0,0.5159068622930197
-0.8025,-1.0,0.4739768249004764
-0.795,-1.0,0.43443511227811243
-0.7875,-1.0,0.3832216815394259
-0.78,-1.0,0.395843323844812
-0.7725000000000001,-1.0,0.37595749286904984
-0.765,-1.0,0.3555448245147089
-0.7575000000000001,-1.0,0.3382847675187332
-0.75,-1.0,0.3076636331304737
-0.7425,-1.0,0.3146755818324278
-0.735,-1.0,0.30766099794287655
-0.7275,-1.0,0.29337435067186635
-0.72,-1.0,0.2966782048989184
-0.7125,-1.0,0.29917919315342795
-0.7050000000000001,-1.0,0.31518209423101085
-0.6975,-1.0,0.2857687951429211
-0.6900000000000001,-1.0,0.2826064748756658
-0.6825,-1.0,0.27408903477721985
-0.675,-1.0,0.24549429942541443
-0.6675,-1.0,0.26791588289803203
-0.66,-1.0,0.26605399155282417
-0.6525000000000001,-1.0,0.29479384290066374
-0.645,-1.0,0.2573847519670265
-0.6375000000000001,-1.0,0.2613655989904018
-0.63,-1.0,0.25480349103314404
-0.6225,-1.0,0.23836443802610988
-0.615,-1.0,0.2655560869323533
-0.6075,-1.0,0.2587436571115556
-0.6000000000000001,-1.0,0.2574397001278599
-0.5925,-1.0,0.2348361109006711
-0.5850000000000001,-1.0,0.26164133873197376
-0.5775,-1.0,0.2260117852807752
-0.5700000000000001,-1.0,0.24877218509143942
-0.5625,-1.0,0.2667132249396719
-0.555,-1.0,0.22731230302454367
-0.5475,-1.0,0.23125136479518502
-0.54,-1.0,0.23806046895767816
-0.5325000000000001,-1.0,0.22988690253117358
-0.525,-1.0,0.21661014324042105
-0.5175000000000001,-1.0,0.23465670183974421
-0.51,-1.0,0.22056442054327485
-0.5025000000000001,-1.0,0.23755416746502714
-0.4950000000000001,-1.0,0.22058961380186645
-0.48750000000000004,-1.0,0.24827074360112567
-0.48,-1.0,0.22064957304804791
-0.47250000000000014,-1.0,0.2252168777258743
-0.4650000000000001,-1.0,0.23747422179444264
-0.4575,-1.0,0.21350781065220312
-0.44999999999999996,-1.0,0.22943287408058796
-0.4425000000000001,-1.0,0.241006226265125
-0.43500000000000005,-1.0,0.2074792681266347
-0.4275,-1.0,0.2271039126597323
-0.41999999999999993,-1.0,0.22737810102837125
-0.4125000000000001,-1.0,0.23266940739644892
-0.405,-1.0,0.20957394473000177
-0.39749999999999996,-1.0,0.20816660099834677
-0.3900000000000001,-1.0,0.22819461113071274
-0.38250000000000006,-1.0,0.22521142679925168
-0.375,-1.0,0.22423064132993867
-0.36749999999999994,-1.0,0.22484109726654963
-0.3600000000000001,-1.0,0.2130823499938082
-0.35250000000000004,-1.0,0.22272244699156077
-0.345,-1.0,0.22298225438735478
-0.33750000000000013,-1.0,0.21153511995044508
-0.33000000000000007,-1.0,0.23942024550204122
-0.3225,-1.0,0.22380206670778408
-0.31499999999999995,-1.0,0.20526404833622403
-0.3075000000000001,-1.0,0.2250716735888891
-0.30000000000000004,-1.0,0.20697718348258393
-0.2925,-1.0,0.22580302574389083
-0.28500000000000014,-1.0,0.2295017675834938
-0.2775000000000001,-1.0,0.20773617024655303
-0.27,-1.0,0.22674415512360344
-0.26249999999999996,-1.0,0.22048980214930738
-0.2550000000000001,-1.0,0.2246138265018468
-0.24750000000000005,-1.0,0.23590341478849866
-0.24,-1.0,0.21255782955488028
-0.23250000000000015,-1.0,0.20683470638431553
-0.2250000000000001,-1.0,0.205130434376504
-0.21750000000000003,-1.0,0.20568178033377696
-0.20999999999999996,-1.0,0.21335903166062767
-0.20250000000000012,-1.0,0.2175965354519044
-0.19500000000000006,-1.0,0.21667200963564337
-0.1875,-1.0,0.2223190041841845
-0.18000000000000016,-1.0,0.21340729910239492
-0.1725000000000001,-1.0,0.22853735091959257
-0.16500000000000004,-1.0,0.21002662084516277
-0.15749999999999997,-1.0,0.24155845239414503
-0.15000000000000013,-1.0,0.21908321388497506
-0.14250000000000007,-1.0,0.2031454275880769
-0.135,-1.0,0.20069619570984598
-0.12749999999999995,-1.0,0.21697432103265119
-0.1200000000000001,-1.0,0.20931555126745144
-0.11250000000000004,-1.0,0.21905269432448676
-0.10499999999999998,-1.0,0.21632781804787685
-0.09750000000000014,-1.0,0.2103877007360549
-0.09000000000000008,-1.0,0.20205632644336816
-0.08250000000000002,-1.0,0.19485766147365194
-0.07499999999999996,-1.0,0.20596294684732383
-0.06750000000000012,-1.0,0.2195237640884093
-0.06000000000000005,-1.0,0.2126083989274442
-0.05249999999999999,-1.0,0.1971135477637122
-0.04500000000000015,-1.0,0.21187882036323213
-0.03750000000000009,-1.0,0.21396039906482728
-0.030000000000000027,-1.0,0.2005048541721755
-0.022499999999999964,-1.0,0.2112489039240036
-0.015000000000000124,-1.0,0.21011227633731994
-0.007500000000000062,-1.0,0.19740503031945533
0.0,-1.0,0.21298377132480295
0.00749999999999984,-1.0,0.21497692939990568
0.014999999999999902,-1.0,0.2203063258519187
0.022499999999999964,-1.0,0.219872207767117
0.030000000000000027,-1.0,0.19436809600425647
0.03749999999999987,-1.0,0.19884710516516663
0.04499999999999993,-1.0,0.2138846306452915
0.05249999999999999,-1.0,0.21375590568037872
0.06000000000000005,-1.0,0.21365557166897187
0.0674999999999999,-1.0,0.24828672127291454
0.07499999999999996,-1.0,0.21401604859475495
0.08250000000000002,-1.0,0.21978046780437982
0.08999999999999986,-1.0,0.21778510047382374
0.09749999999999992,-1.0,0.21453610053312275
0.10499999999999998,-1.0,0.20439687249050664
0.11250000000000004,-1.0,0.21545073800107786
0.11999999999999988,-1.0,0.19946135259176634
0.12749999999999995,-1.0,0.20492964899905414
0.135,-1.0,0.2022630488195656
0.14249999999999985,-1.0,0.20805199498410185
0.1499999999999999,-1.0,0.23108555003103323
0.15749999999999997,-1.0,0.18769989141709212
0.16500000000000004,-1.0,0.21404449394135472
0.17249999999999988,-1.0,0.19017970143654095
0.17999999999999994,-1.0,0.2018986507514039
0.1875,-1.0,0.2179514010299175
0.19499999999999984,-1.0,0.20728208766359127
0.2024999999999999,-1.0,0.19541030589390487
0.20999999999999996,-1.0,0.19907951077576616
0.21750000000000003,-1.0,0.2134016635415882
0.22499999999999987,-1.0,0.19878051998907276
0.23249999999999993,-1.0,0.20847441213413792
0.24,-1.0,0.20664077913430434
0.24749999999999983,-1.0,0.19938619194281623
0.2549999999999999,-1.0,0.22811820701961996
0.26249999999999996,-1.0,0.21249273423475093
0.27,-1.0,0.185049367592047
0.27749999999999986,-1.0,0.2077515796868769
0.2849999999999999,-1.0,0.19895968745922551
0.2925,-1.0,0.2144727842732423
0.2999999999999998,-1.0,0.19749438420767432
0.3074999999999999,-1.0,0.20440279820855198
0.31499999999999995,-1.0,0.21071149771678302
0.3225,-1.0,0.21435725120991084
0.32999999999999985,-1.0,0.19307785863257104
0.3374999999999999,-1.0,0.2019137328055977
0.345,-1.0,0.20041699913098973
0.35250000000000004,-1.0,0.19853262673123223
0.3599999999999999,-1.0,0.22329481898875822
0.36749999999999994,-1.0,0.20928314960407118
0.375,-1.0,0.1921481198311956
0.38249999999999984,-1.0,0.21443473150479614
0.3899999999999999,-1.0,0.2267241943514501
0.39749999999999996,-1.0,0.21550379303079195
0.405,-1.0,0.18931174307554008
0.41249999999999987,-1.0,0.19986838946777064
0.41999999999999993,-1.0,0.21775208346566569
0.4275,-1.0,0.19748932111137865
0.43499999999999983,-1.0,0.20922982037403393
0.4424999999999999,-1.0,0.21256860707538627
0.44999999999999996,-1.0,0.1951156403334753
0.4575,-1.0,0.20394555926255611
0.46499999999999986,-1.0,0.1713675952233486
0.4724999999999999,-1.0,0.19399635471671448
0.48,-1.0,0.20184596951437467
0.4874999999999998,-1.0,0.19163515705295406
0.4949999999999999,-1.0,0.22102531451749918
0.5025,-1.0,0.18969748616535617
0.5099999999999998,-1.0,0.19977359743016398
0.5175000000000001,-1.0,0.20556471163578177
0.5249999999999999,-1.0,0.21890681403548715
0.5324999999999998,-1.0,0.18949802223390996
0.54,-1.0,0.21598965475763265
0.5474999999999999,-1.0,0.2041870607647379
0.5549999999999997,-1.0,0.19403366145500645
0.5625,-1.0,0.20872643242856642
0.5699999999999998,-1.0,0.20600875554646544
0.5775000000000001,-1.0,0.1978244326767856
0.585,-1.0,0.2046236512617323
0.5924999999999998,-1.0,0.19995162375723557
0.6000000000000001,-1.0,0.20500456857861263
0.6074999999999999,-1.0,0.21056378266744571
0.6149999999999998,-1.0,0.21994557307519338
0.6225,-1.0,0.1911442920215985
0.6299999999999999,-1.0,0.2254525460588679
0.6374999999999997,-1.0,0.18381395952921684
0.645,-1.0,0.20212094296322541
0.6524999999999999,-1.0,0.20962837381278587
0.6600000000000001,-1.0,0.20647085389721362
0.6675,-1.0,0.1972441661517981
0.6749999999999998,-1.0,0.20143743868719402
0.6825000000000001,-1.0,0.19851206422221557
0.69,-1.0,0.197506040250677
0.6974999999999998,-1.0,0.21212092989347062
0.7050000000000001,-1.0,0.2070836872744263
0.7124999999999999,-1.0,0.1963792260131147
0.7199999999999998,-1.0,0.21255166182141405
0.7275,-1.0,0.20650349314485544
0.7349999999999999,-1.0,0.21161994297717165
0.7424999999999997,-1.0,0.20973292296032764
0.75,-1.0,0.19488181864993975
0.7574999999999998,-1.0,0.19759262744874528
0.7650000000000001,-1.0,0.2108593513080538
0.7725,-1.0,0.2094454382010277
0.7799999999999998,-1.0,0.20300909297433634
0.7875000000000001,-1.0,0.20439259862853856
0.7949999999999999,-1.0,0.21615978351872708
0.8024999999999998,-1.0,0.19715060740743984
0.81,-1.0,0.20869680002464577
0.8174999999999999,-1.0,0.20106696068123994
0.8249999999999997,-1.0,0.20089071166105232
0.8325,-1.0,0.21423957823308798
0.8399999999999999,-1.0,0.21144459943930521
0.8474999999999997,-1.0,0.21130482116130597
0.855,-1.0,0.21628045023767362
0.8624999999999998,-1.0,0.20322371220507116
0.8700000000000001,-1.0,0.20991492589246225
0.8775,-1.0,0.1998276207230729
0.8849999999999998,-1.0,0.2062495442919209
0.8925000000000001,-1.0,0.2016230688160784
0.8999999999999999,-1.0,0.20391186313672524
0.9074999999999998,-1.0,0.20895028014639033
0.915,-1.0,0.1945959828715655
0.9224999999999999,-1.0,0.2241069774131167
0.9299999999999997,-1.0,0.19266247215939541
0.9375,-1.0,0.19053730420740192
0.9449999999999998,-1.0,0.2145835918601131
0.9525000000000001,-1.0,0.21085261700985697
0.96,-1.0,0.2091394361940715
0.9674999999999998,-1.0,0.20916846871558298
0.9750000000000001,-1.0,0.20265983165463966
0.9824999999999999,-1.0,0.19367427154275285
0.9899999999999998,-1.0,0.20352702851064697
0.9975,-1.0,0.19588157820545535
1.005,-1.0,0.2126185770616488
1.0124999999999997,-1.0,0.20123163901043867
1.02,-1.0,0.19434377553987808
1.0274999999999999,-1.0,0.19944203820788708
1.0349999999999997,-1.0,0.20687297298930388
1.0425,-1.0,0.19696457305582238
1.0499999999999998,-1.0,0.19433480838796838
1.0575,-1.0,0.20512546992413355
1.065,-1.0,0.2051281317100181
1.0724999999999998,-1.0,0.19749985718040913
1.08,-1.0,0.19785414281824895
1.0875,-1.0,0.20496774170267887
1.0949999999999998,-1.0,0.18793795305225422
1.1025,-1.0,0.18834102753909013
1.1099999999999999,-1.0,0.19531221247071082
1.1174999999999997,-1.0,0.2004190262115631
1.125,-1.0,0.2057216831095491
1.1324999999999998,-1.0,0.21750712620713442
1.1399999999999997,-1.0,0.21124259989040153
1.1475,-1.0,0.20092879959968918
1.1549999999999998,-1.0,0.20234837516053697
1.1625,-1.0,0.19238124810976226
1.17,-1.0,0.20233885127754278
1.1774999999999998,-1.0,0.1995963498539007
1.185,-1.0,0.20578019136392928
1.1925,-1.0,0.19412986808139923
1.1999999999999997,-1.0,0.2077577342019111
1.2075,-1.0,0.21801155021438584
1.2149999999999999,-1.0,0.2013858858486804
1.2224999999999997,-1.0,0.20654805898920928
1.23,-1.0,0.20946224081914327
1.2374999999999998,-1.0,0.19840808298748724
1.245,-1.0,0.20473300179097784
1.2525,-1.0,0.20258673829201237
1.2599999999999998,-1.0,0.20344298717842726
1.2675,-1.0,0.19462461685101923
1.275,-1.0,0.20269279514028762
1.2824999999999998,-1.0,0.2074809198837106
1.29,-1.0,0.2171239933670177
1.2974999999999999,-1.0,0.21214096606351315
1.3049999999999997,-1.0,0.22422077455138126
1.3125,-1.0,0.19465725782678556
1.3199999999999998,-1.0,0.2112487696331059
1.3274999999999997,-1.0,0.20427202682406845
1.335,-1.0,0.224575287459539
1.3424999999999998,-1.0,0.19422942877091856
1.35,-1.0,0.19390843967692742
1.3575,-1.0,0.19633779284170333
1.3649999999999998,-1.0,0.1809070337247728
1.3725,-1.0,0.1970777125556798
1.38,-1.0,0.1947135397694194
1.3874999999999997,-1.0,0.2039153770245752
1.395,-1.0,0.20584964263174582
1.4024999999999999,-1.0,0.221374974892333
1.4099999999999997,-1.0,0.21200488769837403
1.4175,-1.0,0.19654756291656267
1.4249999999999998,-1.0,0.19329251836536113
1.4325,-1.0,0.20736000271197838
1.44,-1.0,0.18902133156891657
1.4474999999999998,-1.0,0.22091205845987483
1.455,-1.0,0.21431310220694424
1.4625,-1.0,0.1976299145049276
1.4699999999999998,-1.0,0.18504166053742754
1.4775,-1.0,0.21607538876657975
1.4849999999999999,-1.0,0.2012162221007559
1.4924999999999997,-1.0,0.21489987384809234
1.5,-1.0,0.18624080869925808
-1.5,-0.5,0.20724629129760513
-1.4925,-0.5,0.21372668797753186
-1.485,-0.5,0.21419475217663256
-1.4775,-0.5,0.2089061455059817
-1.47,-0.5,0.22039501649807372
-1.4625,-0.5,0.2023515901145819
-1.455,-0.5,0.21226487221278598
-1.4475,-0.5,0.21509780530189992
-1.44,-0.5,0.21933764908789946
-1.4325,-0.5,0.22147294078376076
-1.425,-0.5,0.20186282432401476
-1.4175,-0.5,0.19750906550865494
-1.41,-0.5,0.22761357508313923
-1.4025,-0.5,0.21753000895999733
-1.395,-0.5,0.20599517433209408
-1.3875,-0.5,0.23063428641165376
-1.38,-0.5,0.2153032758229337
-1.3725,-0.5,0.22672097852972722
-1.365,-0.5,0.21485203334632935
-1.3575,-0.5,0.23622899444032833
-1.35,-0.5,0.2329955392340357
-1.3425,-0.5,0.21156408578027164
-1.335,-0.5,0.22467514488488002
-1.3275000000000001,-0.5,0.221218040793534
-1.32,-0.5,0.22900757950707157
-1.3125,-0.5,0.20403512206336116
-1.305,-0.5,0.22177207754270467
-1.2975,-0.5,0.225806241378525
-1.29,-0.5,0.19563547065283338
-1.2825,-0.5,0.20184676355829811
-1.275,-0.5,0.1927031728890091
-1.2675,-0.5,0.2117350362037345
-1.26,-0.5,0.22237272175583642
-1.2525,-0.5,0.2308458994226073
-1.245,-0.5,0.2155594462916448
-1.2375,-0.5,0.23230418547551485
-1.23,-0.5,0.20003460616088767
-1.2225000000000001,-0.5,0.19660768622449953
-1.215,-0.5,0.2143660756834935
-1.2075,-0.5,0.2191449544540186
-1.2,-0.5,0.21471846157967928
-1.1925,-0.5,0.1928874745492492
-1.185,-0.5,0.2142233273840741
-1.1775,-0.5,0.20120156649846188
-1.17,-0.5,0.22250881945035483
-1.1625,-0.5,0.21930830813772983
-1.155,-0.5,0.205299619335021
-1.1475,-0.5,0.20995061022433342
-1.1400000000000001,-0.5,0.20413693329665328
-1.1325,-0.5,0.21494418423848774
-1.125,-0.5,0.22598944140671984
-1.1175,-0.5,0.20512534398871554
-1.1099999999999999,-0.5,0.2212711034685826
-1.1025,-0.5,0.21018149884065665
-1.095,-0.5,0.2074194904840943
-1.0875,-0.5,0.2149034902266427
-1.08,-0.5,0.20495182318701324
-1.0725,-0.5,0.21023610509057566
-1.065,-0.5,0.20335035918917535
-1.0575,-0.5,0.2376495797260998
-1.05,-0.5,0.21686226616053889
-1.0425,-0.5,0.20899440744680883
-1.0350000000000001,-0.5,0.21898279572671142
-1.0275,-0.5,0.21554303544771006
-1.02,-0.5,0.2144628038551766
-1.0125,-0.5,0.22362220276442354
-1.005,-0.5,0.22528480327539877
-0.9975,-0.5,0.2114095455145525
-0.99,-0.5,0.21102380677007226
-0.9825,-0.5,0.2144023116132736
-0.975,-0.5,0.19247342024599734
-0.9675,-0.5,0.20113935399460622
-0.96,-0.5,0.23263076738977082
-0.9525,-0.5,0.2357947022065218
-0.9450000000000001,-0.5,0.21528980279413576
-0.9375,-0.5,0.22442607712625923
-0.93,-0.5,0.22167176448377168
-0.9225,-0.5,0.252040037477441
-0.915,-0.5,0.2307965410018383
-0.9075,-0.5,0.21731285708119547
-0.9,-0.5,0.2084095145705498
-0.8925000000000001,-0.5,0.2014330215214591
-0.885,-0.5,0.2214199012386892
-0.8775000000000001,-0.5,0.21106397787573233
-0.87,-0.5,0.20392293067335757
-0.8625,-0.5,0.21261220880272177
-0.855,-0.5,0.20801018475844296
-0.8475,-0.5,0.2386612460220413
-0.8400000000000001,-0.5,0.23000496009750238
-0.8325,-0.5,0.22041210564833835
-0.8250000000000001,-0.5,0.23704529508584588
-0.8175,-0.5,0.22178837426411896
-0.81,-0.5,0.21163791179704844
-0.8025,-0.5,0.23825952024379243
-0.795,-0.5,0.22761610193962364
-0.7875,-0.5,0.21038985613642738
-0.78,-0.5,0.2200474140526444
-0.7725000000000001,-0.5,0.21269701938171093
-0.765,-0.5,0.20732090227996966
-0.7575000000000001,-0.5,0.23334276542598978
-0.75,-0.5,0.2446431679316831
-0.7425,-0.5,0.2080031216756329
-0.735,-0.5,0.23027941935872417
-0.7275,-0.5,0.21702398739355577
-0.72,-0.5,0.2192107796999276
-0.7125,-0.5,0.2183942941203559
-0.7050000000000001,-0.5,0.21571499138143893
-0.6975,-0.5,0.22641428791856325
-0.6900000000000001,-0.5,0.21689499940749807
-0.6825,-0.5,0.22981436401179378
-0.675,-0.5,0.2266499805822852
-0.6675,-0.5,0.2249959435465148
-0.66,-0.5,0.2178802544804979
-0.6525000000000001,-0.5,0.22218680444432012
-0.645,-0.5,0.23802358784546213
-0.6375000000000001,-0.5,0.23572755590737313
-0.63,-0.5,0.2193367299765654
-0.6225,-0.5,0.2324337999968296
-0.615,-0.5,0.24071725075853323
-0.6075,-0.5,0.2133313140149642
-0.6000000000000001,-0.5,0.23991059006175786
-0.5925,-0.5,0.22665452720699675
-0.5850000000000001,-0.5,0.24204698934807015
-0.5775,-0.5,0.22728777878162557
-0.5700000000000001,-0.5,0.21592717999244154
-0.5625,-0.5,0.21905590009544468
-0.555,-0.5,0.24023496880993953
-0.5475,-0.5,0.2440774097484578
-0.54,-0.5,0.2313833579950458
-0.5325000000000001,-0.5,0.2516351772316657
-0.525,-0.5,0.22509355813031992
-0.5175000000000001,-0.5,0.24645704422099182
-0.51,-0.5,0.23413787091897467
-0.5025000000000001,-0.5,0.24318415121819137
-0.4950000000000001,-0.5,0.2543495415410077
-0.48750000000000004,-0.5,0.24534919800786373
-0.48,-0.5,0.25432744385195105
-0.47250000000000014,-0.5,0.2758207616308157
-0.4650000000000001,-0.5,0.2586493321488246
-0.4575,-0.5,0.2818800480966227
-0.44999999999999996,-0.5,0.2598926500502051
-0.4425000000000001,-0.5,0.28856389470515936
-0.43500000000000005,-0.5,0.3085198659678509
-0.4275,-0.5,0.2591731262080667
-0.41999999999999993,-0.5,0.293182282018932
-0.4125000000000001,-0.5,0.3264232393884369
-0.405,-0.5,0.3290291236090941
-0.39749999999999996,-0.5,0.3587908939054028
-0.3900000000000001,-0.5,0.36796759328869194
-0.38250000000000006,-0.5,0.4206943231227893
-0.375,-0.5,0.4776224633464047
-0.36749999999999994,-0.5,0.6301206074417844
-0.3600000000000001,-0.5,0.8801367634343492
-0.35250000000000004,-0.5,2.4644709743391724
-0.345,-0.5,1.4145731774521924
-0.33750000000000013,-0.5,0.7171849223989862
-0.33000000000000007,-0.5,0.5279944494968816
-0.3225,-0.5,0.457008102782431
-0.31499999999999995,-0.5,0.38679994526800354
-0.3075000000000001,-0.5,0.3657123658598603
-0.30000000000000004,-0.5,0.3709891663606102
-0.2925,-0.5,0.3318715406216635
-0.28500000000000014,-0.5,0.2991064032409965
-0.2775000000000001,-0.5,0.31056579052144373
-0.27,-0.5,0.27814845767633456
-0.26249999999999996,-0.5,0.24828030428788092
-0.2550000000000001,-0.5,0.25652370489888343
-0.24750000000000005,-0.5,0.23998316471583628
-0.24,-0.5,0.25551714258155817
-0.23250000000000015,-0.5,0.256258621231708
-0.2250000000000001,-0.5,0.27360509549172823
-0.21750000000000003,-0.5,0.25334632405427376
-0.20999999999999996,-0.5,0.24373911475691637
-0.20250000000000012,-0.5,0.25400909230348195
-0.19500000000000006,-0.5,0.21488724848594992
-0.1875,-0.5,0.2423347799436483
-0.18000000000000016,-0.5,0.24677202267561132
-0.1725000000000001,-0.5,0.2184374651774541
-0.16500000000000004,-0.5,0.2476773770213299
-0.15749999999999997,-0.5,0.2367490001264667
-0.15000000000000013,-0.5,0.2266434657942448
-0.14250000000000007,-0.5,0.2374722762914638
-0.135,-0.5,0.25501966176000446
-0.12749999999999995,-0.5,0.22999962875912272
-0.1200000000000001,-0.5,0.22972421103309124
-0.11250000000000004,-0.5,0.2207647108398195
-0.10499999999999998,-0.5,0.21549690605734823
-0.09750000000000014,-0.5,0.23352898429954333
-0.09000000000000008,-0.5,0.21386567536479037
-0.08250000000000002,-0.5,0.22348081111819526
-0.07499999999999996,-0.5,0.21667863260587147
-0.06750000000000012,-0.5,0.22661488126858176
-0.06000000000000005,-0.5,0.2243661054727591
-0.05249999999999999,-0.5,0.23150429080717563
-0.04500000000000015,-0.5,0.21392161287729555
-0.03750000000000009,-0.5,0.2160254512614706
-0.030000000000000027,-0.5,0.20777581267221487
-0.022499999999999964,-0.5,0.21313608925180233
-0.015000000000000124,-0.5,0.2216156759200758
-0.007500000000000062,-0.5,0.22528327585722815
0.0,-0.5,0.20665333535248767
0.00749999999999984,-0.5,0.22563787312805
0.014999999999999902,-0.5,0.23047736927380463
0.022499999999999964,-0.5,0.21992847594120551
0.030000000000000027,-0.5,0.23530360458001515
0.03749999999999987,-0.5,0.206464911206376
0.04499999999999993,-0.5,0.20109995129036265
0.05249999999999999,-0.5,0.19508566442766012
0.06000000000000005,-0.5,0.2298203679141289
0.0674999999999999,-0.5,0.22052000012217254
0.07499999999999996,-0.5,0.2126596556712502
0.08250000000000002,-0.5,0.215962921088787
0.08999999999999986,-0.5,0.20074982620020995
0.09749999999999992,-0.5,0.23845129472405818
0.10499999999999998,-0.5,0.2135975025853539
0.11250000000000004,-0.5,0.213151633825069
0.11999999999999988,-0.5,0.21945059109563153
0.12749999999999995,-0.5,0.21663532848707395
0.135,-0.5,0.2137021440456244
0.14249999999999985,-0.5,0.20278755532702586
0.1499999999999999,-0.5,0.21590731695326307
0.15749999999999997,-0.5,0.23057507341618444
0.16500000000000004,-0.5,0.22472339940403704
0.17249999999999988,-0.5,0.2271385235921105
0.17999999999999994,-0.5,0.20483328632967177
0.1875,-0.5,0.1996454647442122
0.19499999999999984,-0.5,0.20855525265738756
0.2024999999999999,-0.5,0.2103015135810935
0.20999999999999996,-0.5,0.22102903723811199
0.21750000000000003,-0.5,0.1916937457380607
0.22499999999999987,-0.5,0.22527525384476496
0.23249999999999993,-0.5,0.20747835157131994
0.24,-0.5,0.20453363856541168
0.24749999999999983,-0.5,0.19829266215363342
0.2549999999999999,-0.5,0.19146246007482234
0.26249999999999996,-0.5,0.21719481248682118
0.27,-0.5,0.2092516589604335
0.27749999999999986,-0.5,0.19492988956205895
0.2849999999999999,-0.5,0.19476917594516902
0.2925,-0.5,0.2046482079323148
0.2999999999999998,-0.5,0.22539473864746376
0.3074999999999999,-0.5,0.20522946830770325
0.31499999999999995,-0.5,0.192205757681282
0.3225,-0.5,0.20517271198561246
0.32999999999999985,-0.5,0.20479619103654817
0.3374999999999999,-0.5,0.17954779076089344
0.345,-0.5,0.20687658294587696
0.35250000000000004,-0.5,0.20495527840845504
0.3599999999999999,-0.5,0.21447639026712445
0.36749999999999994,-0.5,0.22632879919981497
0.375,-0.5,0.21875745617204292
0.38249999999999984,-0.5,0.2042277240330154
0.3899999999999999,-0.5,0.1954827106993114
0.39749999999999996,-0.5,0.23346952089895034
0.405,-0.5,0.20739076492356545
0.41249999999999987,-0.5,0.20684881162160995
0.41999999999999993,-0.5,0.20638373977292326
0.4275,-0.5,0.2086087339082227
0.43499999999999983,-0.5,0.2050040000248005
0.4424999999999999,-0.5,0.20050674274882854
0.44999999999999996,-0.5,0.20072002401416425
0.4575,-0.5,0.20596115401227047
0.46499999999999986,-0.5,0.2006332252173455
0.4724999999999999,-0.5,0.19882775432940158
0.48,-0.5,0.2072140569662499
0.4874999999999998,-0.5,0.20343242781710902
0.4949999999999999,-0.5,0.22149441975186981
0.5025,-0.5,0.17864990170735562
0.5099999999999998,-0.5,0.2171309729396276
0.5175000000000001,-0.5,0.2186665249787136
0.5249999999999999,-0.5,0.18445622712496132
0.5324999999999998,-0.5,0.20221509026448276
0.54,-0.5,0.20187128112608818
0.5474999999999999,-0.5,0.19117130453942735
0.5549999999999997,-0.5,0.1976010660996967
0.5625,-0.5,0.19413727399729597
0.5699999999999998,-0.5,0.22351189768125165
0.5775000000000001,-0.5,0.21507557075882713
0.585,-0.5,0.21848085219634536
0.5924999999999998,-0.5,0.21278993490962297
0.6000000000000001,-0.5,0.19374662981053767
0.6074999999999999,-0.5,0.19991468777849183
0.6149999999999998,-0.5,0.2102825609572256
0.6225,-0.5,0.19268185558433326
0.6299999999999999,-0.5,0.2125000934346674
0.6374999999999997,-0.5,0.2026839869736942
0.645,-0.5,0.20126975772917924
0.6524999999999999,-0.5,0.2123694645146008
0.6600000000000001,-0.5,0.209600313539674
0.6675,-0.5,0.20131254218681724
0.6749999999999998,-0.5,0.2168625066184821
0.6825000000000001,-0.5,0.19387093429737862
0.69,-0.5,0.21122920934905887
0.6974999999999998,-0.5,0.21096437432797593
0.7050000000000001,-0.5,0.20168843498854827
0.7124999999999999,-0.5,0.20817059541313046
0.7199999999999998,-0.5,0.19199099094075167
0.7275,-0.5,0.21423615846708643
0.7349999999999999,-0.5,0.20285569228412598
0.7424999999999997,-0.5,0.19937193147126844
0.75,-0.5,0.2154336443073123
0.7574999999999998,-0.5,0.1974643896534642
0.7650000000000001,-0.5,0.19023620496511948
0.7725,-0.5,0.18869828900612576
0.7799999999999998,-0.5,0.2108009625744922
0.7875000000000001,-0.5,0.19148147324183648
0.7949999999999999,-0.5,0.2225047040195478
0.8024999999999998,-0.5,0.18324407012453486
0.81,-0.5,0.221862073296903
0.8174999999999999,-0.5,0.2066517536196719
0.8249999999999997,-0.5,0.20348548804385136
0.8325,-0.5,0.19888427463345823
0.8399999999999999,-0.5,0.208515800491469
0.8474999999999997,-0.5,0.20403279885576633
0.855,-0.5,0.21567518605738653
0.8624999999999998,-0.5,0.20554924254548645
0.8700000000000001,-0.5,0.2059006770490011
0.8775,-0.5,0.20063304054901554
0.8849999999999998,-0.5,0.20375021665040619
0.8925000000000001,-0.5,0.20746066838693422
0.8999999999999999,-0.5,0.18683141373322207
0.9074999999999998,-0.5,0.1905151367944517
0.915,-0.5,0.21186272404760575
0.9224999999999999,-0.5,0.20600221199738264
0.9299999999999997,-0.5,0.20236454756925137
0.9375,-0.5,0.20441826611658045
0.9449999999999998,-0.5,0.20776611903462688
0.9525000000000001,-0.5,0.1986933045639043
0.96,-0.5,0.1962459024143483
0.9674999999999998,-0.5,0.20617954431440505
0.9750000000000001,-0.5,0.19418093229652642
0.9824999999999999,-0.5,0.20832473831274495
0.9899999999999998,-0.5,0.18676763327571555
0.9975,-0.5,0.214640271508127
1.005,-0.5,0.20894911985544629
1.0124999999999997,-0.5,0.20672872793357636
1.02,-0.5,0.21413480954109854
1.0274999999999999,-0.5,0.22109276570060166
1.0349999999999997,-0.5,0.2144389128798408
1.0425,-0.5,0.18529499558782878
1.0499999999999998,-0.5,0.19101460503458326
1.0575,-0.5,0.1976876218457718
1.065,-0.5,0.2043211285027193
1.0724999999999998,-0.5,0.20932875672274043
1.08,-0.5,0.19663612088328306
1.0875,-0.5,0.2059385275759127
1.0949999999999998,-0.5,0.19632059065668186
1.1025,-0.5,0.19778196835667122
1.1099999999999999,-0.5,0.18966497049406877
1.1174999999999997,-0.5,0.1945906278424021
1.125,-0.5,0.19021497352169395
1.1324999999999998,-0.5,0.1940431440292843
1.1399999999999997,-0.5,0.2147384435348991
1.1475,-0.5,0.1943035650955501
1.1549999999999998,-0.5,0.23083006443377668
1.1625,-0.5,0.2090089603336258
1.17,-0.5,0.20585853090567624
1.1774999999999998,-0.5,0.19521551659286795
1.185,-0.5,0.21110764607806246
1.1925,-0.5,0.19809172374692915
1.1999999999999997,-0.5,0.20520305991132157
1.2075,-0.5,0.23006288855411267
1.2149999999999999,-0.5,0.20297321094759743
1.2224999999999997,-0.5,0.21566982262688328
1.23,-0.5,0.1967770569621619
1.2374999999999998,-0.5,0.2035885433399403
1.245,-0.5,0.22200038746766812
1.2525,-0.5,0.19754813324685616
1.2599999999999998,-0.5,0.22242117410706388
1.2675,-0.5,0.21115504722738648
1.275,-0.5,0.19820146882407524
1.2824999999999998,-0.5,0.21038425567862562
1.29,-0.5,0.21385167221831297
1.2974999999999999,-0.5,0.21027443887045816
1.3049999999999997,-0.5,0.18792238070792286
1.3125,-0.5,0.19651867886176663
1.3199999999999998,-0.5,0.20140895532877068
1.3274999999999997,-0.5,0.20317378525443827
1.335,-0.5,0.21026163962526476
1.3424999999999998,-0.5,0.20574510273942254
1.35,-0.5,0.19031751207752262
1.3575,-0.5,0.2078109647076067
1.3649999999999998,-0.5,0.210160954413898
1.3725,-0.5,0.2096439599227063
1.38,-0.5,0.21495753235475293
1.3874999999999997,-0.5,0.21244164210991062
1.395,-0.5,0.2086218528410588
1.4024999999999999,-0.5,0.2032256598265259
1.4099999999999997,-0.5,0.1870057792865646
1.4175,-0.5,0.20832558695254277
1.4249999999999998,-0.5,0.20606451148386984
1.4325,-0.5,0.2067181841768942
1.44,-0.5,0.19093133139631346
1.4474999999999998,-0.5,0.19292918653483837
1.455,-0.5,0.21469583183427995
1.4625,-0.5,0.2035552887310059
1.4699999999999998,-0.5,0.21091147802193644
1.4775,-0.5,0.20425322701750895
1.4849999999999999,-0.5,0.20427097195364124
1.4924999999999997,-0.5,0.21353983588251918
1.5,-0.5,0.19871106352406875
-1.5,-0.1,0.20871296470086712
-1.4925,-0.1,0.20291065721147228
-1.485,-0.1,0.20319635277777906
-1.4775,-0.1,0.204495230263009
-1.47,-0.1,0.21001042534104078
-1.4625,-0.1,0.20272930839792713
-1.455,-0.1,0.2207398781348697
-1.4475,-0.1,0.19840650844767532
-1.44,-0.1,0.2057543666888282
-1.4325,-0.1,0.203126812461456
-1.425,-0.1,0.22271800441886289
-1.4175,-0.1,0.20973150737983268
-1.41,-0.1,0.21840435387631268
-1.4025,-0.1,0.19226154478722957
-1.395,-0.1,0.2104605579583406
-1.3875,-0.1,0.21692502235417135
-1.38,-0.1,0.20854083464323095
-1.3725,-0.1,0.21875042023642577
-1.365,-0.1,0.20231443516461178
-1.3575,-0.1,0.22232139764950112
-1.35,-0.1,0.23155919443109355
-1.3425,-0.1,0.20391941003223663
-1.335,-0.1,0.2030617791934187
-1.3275000000000001,-0.1,0.22278167539100385
-1.32,-0.1,0.22409339662437952
-1.3125,-0.1,0.202262075849329
-1.305,-0.1,0.20332994202051952
-1.2975,-0.1,0.20476908915273284
-1.29,-0.1,0.19373555253635585
-1.2825,-0.1,0.19815969211635678
-1.275,-0.1,0.19727438534159045
-1.2675,-0.1,0.19973160088532374
-1.26,-0.1,0.20734829016470738
-1.2525,-0.1,0.21014434328278553
-1.245,-0.1,0.22381867046245485
-1.2375,-0.1,0.19735054265023785
-1.23,-0.1,0.21794693471143037
-1.2225000000000001,-0.1,0.2055054517175206
-1.215,-0.1,0.2072189817151975
-1.2075,-0.1,0.21474701748690928
-1.2,-0.1,0.19608114770367452
-1.1925,-0.1,0.2117208671255384
-1.185,-0.1,0.20948355128359203
-1.1775,-0.1,0.2128762748360091
-1.17,-0.1,0.21077115423733367
-1.1625,-0.1,0.23328134744871487
-1.155,-0.1,0.20115558650478285
-1.1475,-0.1,0.2022718030540358
-1.1400000000000001,-0.1,0.2013220298397558
-1.1325,-0.1,0.20203294248212017
-1.125,-0.1,0.20119008306826247
-1.1175,-0.1,0.220176950866179
-1.1099999999999999,-0.1,0.22259219885731446
-1.1025,-0.1,0.20190930325890194
-1.095,-0.1,0.19920016619266445
-1.0875,-0.1,0.21276018679497746
-1.08,-0.1,0.20213187345403516
-1.0725,-0.1,0.21446130981263942
-1.065,-0.1,0.21000335770643963
-1.0575,-0.1,0.19214933285120642
-1.05,-0.1,0.22400600497469886
-1.0425,-0.1,0.2266019704906034
-1.0350000000000001,-0.1,0.2015729411366801
-1.0275,-0.1,0.20392660263093132
-1.02,-0.1,0.21094458686632242
-1.0125,-0.1,0.21146468481920003
-1.005,-0.1,0.2148505210640631
-0.9975,-0.1,0.22892499389513865
-0.99,-0.1,0.20619263249920433
-0.9825,-0.1,0.19974544347749545
-0.975,-0.1,0.1937172556405715
-0.9675,-0.1,0.20047961832923392
-0.96,-0.1,0.20775782014029384
-0.9525,-0.1,0.22679547874903117
-0.9450000000000001,-0.1,0.2027536681727832
-0.9375,-0.1,0.2104894890551919
-0.93,-0.1,0.20800978798601566
-0.9225,-0.1,0.2205730556127239
-0.915,-0.1,0.23453176768323833
-0.9075,-0.1,0.2027181816476926
-0.9,-0.1,0.20317194570495742
-0.8925000000000001,-0.1,0.2191668441787985
-0.885,-0.1,0.2154190783696495
-0.8775000000000001,-0.1,0.2275789131233497
-0.87,-0.1,0.21445091045178247
-0.8625,-0.1,0.20465007376574415
-0.855,-0.1,0.214576234966562
-0.8475,-0.1,0.2200043752513418
-0.8400000000000001,-0.1,0.21703035156790315
-0.8325,-0.1,0.2137958355947303
-0.8250000000000001,-0.1,0.2196598264174298
-0.8175,-0.1,0.22076293687373535
-0.81,-0.1,0.22301713551147098
-0.8025,-0.1,0.2154013325652701
-0.795,-0.1,0.20692453316668688
-0.7875,-0.1,0.21023403613107886
-0.78,-0.1,0.22133121247856183
-0.7725000000000001,-0.1,0.20024800714660088
-0.765,-0.1,0.21266294466455737
-0.7575000000000001,-0.1,0.2047452183176879
-0.75,-0.1,0.20919299779387507
-0.7425,-0.1,0.22228954108754467
-0.735,-0.1,0.21097302234510257
-0.7275,-0.1,0.20950507599609303
-0.72,-0.1,0.1948496076544171
-0.7125,-0.1,0.21691293404671919
-0.7050000000000001,-0.1,0.21590812615123547
-0.6975,-0.1,0.23183464575592372
-0.6900000000000001,-0.1,0.2060360525963414
-0.6825,-0.1,0.2116011430971321
-0.675,-0.1,0.2119710323274696
-0.6675,-0.1,0.22593190882216269
-0.66,-0.1,0.20847259945671567
-0.6525000000000001,-0.1,0.21245129637129234
-0.645,-0.1,0.21595764357465314
-0.6375000000000001,-0.1,0.21160421221526352
-0.63,-0.1,0.20502958914583502
-0.6225,-0.1,0.21181084881297546
-0.615,-0.1,0.22110598651625904
-0.6075,-0.1,0.1991358243122201
-0.6000000000000001,-0.1,0.21137587965511276
-0.5925,-0.1,0.2026990569001118
-0.5850000000000001,-0.1,0.22268218098950354
-0.5775,-0.1,0.19419438377922127
-0.5700000000000001,-0.1,0.2044057819945251
-0.5625,-0.1,0.21433135613241722
-0.555,-0.1,0.2269207212184247
-0.5475,-0.1,0.2098420297483383
-0.54,-0.1,0.20477643139742005
-0.5325000000000001,-0.1,0.2305347062669315
-0.525,-0.1,0.1955473211412749
-0.5175000000000001,-0.1,0.18772068277612577
-0.51,-0.1,0.2156512907467711
-0.5025000000000001,-0.1,0.20581365676886224
-0.4950000000000001,-0.1,0.20043550621378703
-0.48750000000000004,-0.1,0.21881684943514276
-0.48,-0.1,0.2140243023052302
-0.47250000000000014,-0.1,0.20559844628587906
-0.4650000000000001,-0.1,0.19813683295494736
-0.4575,-0.1,0.2210549205922084
-0.44999999999999996,-0.1,0.21883655172809655
-0.4425000000000001,-0.1,0.21103029294912407
-0.43500000000000005,-0.1,0.23181743982481182
-0.4275,-0.1,0.20100552940466618
-0.41999999999999993,-0.1,0.19630880425811686
-0.4125000000000001,-0.1,0.20531770037252253
-0.405,-0.1,0.2123522736986049
-0.39749999999999996,-0.1,0.21559719695580032
-0.3900000000000001,-0.1,0.21060877097562214
-0.38250000000000006,-0.1,0.21711710601309384
-0.375,-0.1,0.2001863709234477
-0.36749999999999994,-0.1,0.22917531042938055
-0.3600000000000001,-0.1,0.2130701920733702
-0.35250000000000004,-0.1,0.22612493024052094
-0.345,-0.1,0.21805520970196293
-0.33750000000000013,-0.1,0.21951263063006027
-0.33000000000000007,-0.1,0.22097187376565672
-0.3225,-0.1,0.2199163623994529
-0.31499999999999995,-0.1,0.2222833009589984
-0.3075000000000001,-0.1,0.22996588881579963
-0.30000000000000004,-0.1,0.2180423148160525
-0.2925,-0.1,0.2238843794491398
-0.28500000000000014,-0.1,0.21556072904196322
-0.2775000000000001,-0.1,0.23247555632230005
-0.27,-0.1,0.2098588842313641
-0.26249999999999996,-0.1,0.2371576006587273
-0.2550000000000001,-0.1,0.21750920567649829
-0.24750000000000005,-0.1,0.2027270532946201
-0.24,-0.1,0.22017081033756727
-0.23250000000000015,-0.1,0.2117502781938902
-0.2250000000000001,-0.1,0.2289198693916065
-0.21750000000000003,-0.1,0.2129993988183175
-0.20999999999999996,-0.1,0.21578843797736483
-0.20250000000000012,-0.1,0.20036764994430897
-0.19500000000000006,-0.1,0.21685113326507702
-0.1875,-0.1,0.1955373577027023
-0.18000000000000016,-0.1,0.2055058110122383
-0.1725000000000001,-0.1,0.23241768151865194
-0.16500000000000004,-0.1,0.23350810343135375
-0.15749999999999997,-0.1,0.23031078596610702
-0.15000000000000013,-0.1,0.21546359838079077
-0.14250000000000007,-0.1,0.22683581020116608
-0.135,-0.1,0.22838486760924928
-0.12749999999999995,-0.1,0.21626775929161665
-0.1200000000000001,-0.1,0.24815255581880707
-0.11250000000000004,-0.1,0.24234267689231664
-0.10499999999999998,-0.1,0.23106473447337672
-0.09750000000000014,-0.1,0.23560288033083562
-0.09000000000000008,-0.1,0.23957464696832098
-0.08250000000000002,-0.1,0.21471708873980228
-0.07499999999999996,-0.1,0.23841460236594483
-0.06750000000000012,-0.1,0.2356390857358198
-0.06000000000000005,-0.1,0.23450436128603566
-0.05249999999999999,-0.1,0.24668750968961756
-0.04500000000000015,-0.1,0.2769041788109052
-0.03750000000000009,-0.1,0.26687841050046873
-0.030000000000000027,-0.1,0.2564256893475942
-0.022499999999999964,-0.1,0.27818600677577227
-0.015000000000000124,-0.1,0.29789035632951794
-0.007500000000000062,-0.1,0.30177798072840223
0.0,-0.1,0.30235874828232145
0.00749999999999984,-0.1,0.3087042075690929
0.014999999999999902,-0.1,0.3560246017181088
0.022499999999999964,-0.1,0.3899229243515585
0.030000000000000027,-0.1,0.46896339402471743
0.03749999999999987,-0.1,0.6108124413087381
0.04499999999999993,-0.1,1.1839583589562253
0.05249999999999999,-0.1,1.8415488939967126
0.06000000000000005,-0.1,0.7292811401351449
0.0674999999999999,-0.1,0.48714473199827274
0.07499999999999996,-0.1,0.44066505332364037
0.08250000000000002,-0.1,0.3416929454838603
0.08999999999999986,-0.1,0.35357508860518294
0.09749999999999992,-0.1,0.30873689330229326
0.10499999999999998,-0.1,0.28190418310135573
0.11250000000000004,-0.1,0.2737050893897685
0.11999999999999988,-0.1,0.26755596654191666
0.12749999999999995,-0.1,0.2706045097313697
0.135,-0.1,0.2660543504451479
0.14249999999999985,-0.1,0.24719173088506843
0.1499999999999999,-0.1,0.2501191901539071
0.15749999999999997,-0.1,0.2733728946631575
0.16500000000000004,-0.1,0.26494658453075814
0.17249999999999988,-0.1,0.24647341344432508
0.17999999999999994,-0.1,0.23930425224767707
0.1875,-0.1,0.23816919058302555
0.19499999999999984,-0.1,0.24206961002882715
0.2024999999999999,-0.1,0.22124388045657492
0.20999999999999996,-0.1,0.22865062526022167
0.21750000000000003,-0.1,0.21102555593273656
0.22499999999999987,-0.1,0.23352743005889395
0.23249999999999993,-0.1,0.23515790868840009
0.24,-0.1,0.2212328588442537
0.24749999999999983,-0.1,0.24347999343934454
0.2549999999999999,-0.1,0.21101905687644923
0.26249999999999996,-0.1,0.2075459244623936
0.27,-0.1,0.22565268382237566
0.27749999999999986,-0.1,0.23405166750905346
0.2849999999999999,-0.1,0.2403827036541503
0.2925,-0.1,0.2159943655211981
0.2999999999999998,-0.1,0.2323481952319702
0.3074999999999999,-0.1,0.2194625556080205
0.31499999999999995,-0.1,0.217453981140262
0.3225,-0.1,0.22850817840485374
0.32999999999999985,-0.1,0.22548138874280407
0.3374999999999999,-0.1,0.20073024873709155
0.345,-0.1,0.2335311746350867
0.35250000000000004,-0.1,0.2320466275972102
0.3599999999999999,-0.1,0.20990353173074056
0.36749999999999994,-0.1,0.22059389035523994
0.375,-0.1,0.22129756823266425
0.38249999999999984,-0.1,0.2184399688794462
0.3899999999999999,-0.1,0.20938725566411975
0.39749999999999996,-0.1,0.20778799372375573
0.405,-0.1,0.21444408803425805
0.41249999999999987,-0.1,0.2270154906808398
0.41999999999999993,-0.1,0.2199976805889767
0.4275,-0.1,0.20995845538233057
0.43499999999999983,-0.1,0.22192424413723147
0.4424999999999999,-0.1,0.18304574313462738
0.44999999999999996,-0.1,0.22546971634983554
0.4575,-0.1,0.19447916259702674
0.46499999999999986,-0.1,0.2089450490109648
0.4724999999999999,-0.1,0.2007008282739802
0.48,-0.1,0.19866199687849984
0.4874999999999998,-0.1,0.22454675279737107
0.4949999999999999,-0.1,0.20709309089225159
0.5025,-0.1,0.21555253557316723
0.5099999999999998,-0.1,0.211220822068814
0.5175000000000001,-0.1,0.21660537960520318
0.5249999999999999,-0.1,0.21221862565624008
0.5324999999999998,-0.1,0.19770705840406064
0.54,-0.1,0.22163345251362193
0.5474999999999999,-0.1,0.20577098833000657
0.5549999999999997,-0.1,0.19443684506750766
0.5625,-0.1,0.20620796128447755
0.5699999999999998,-0.1,0.22639706929981784
0.5775000000000001,-0.1,0.21942197705336586
0.585,-0.1,0.20669127256009087
0.5924999999999998,-0.1,0.20657448701380968
0.6000000000000001,-0.1,0.2067578153439704
0.6074999999999999,-0.1,0.23184098462128322
0.6149999999999998,-0.1,0.21393874208837083
0.6225,-0.1,0.21434266599994725
0.6299999999999999,-0.1,0.22053934188463978
0.6374999999999997,-0.1,0.21214510939128334
0.645,-0.1,0.20683785587022357
0.6524999999999999,-0.1,0.2074081918569929
0.6600000000000001,-0.1,0.20863024319687007
0.6675,-0.1,0.20890805579032953
0.6749999999999998,-0.1,0.21682940688626384
0.6825000000000001,-0.1,0.20968347035999432
0.69,-0.1,0.2167235182837757
0.6974999999999998,-0.1,0.20814854690992945
0.7050000000000001,-0.1,0.2097424926798384
0.7124999999999999,-0.1,0.1879857357034563
0.7199999999999998,-0.1,0.21835100995687706
0.7275,-0.1,0.2123361476636056
0.7349999999999999,-0.1,0.2190690835709157
0.7424999999999997,-0.1,0.17838827358687986
0.75,-0.1,0.23031093401982122
0.7574999999999998,-0.1,0.20702278541300562
0.7650000000000001,-0.1,0.21996989199328834
0.7725,-0.1,0.19753250744260925
0.7799999999999998,-0.1,0.21469570369627305
0.7875000000000001,-0.1,0.19729210491254315
0.7949999999999999,-0.1,0.20171718105501946
0.8024999999999998,-0.1,0.2280833244041592
0.81,-0.1,0.20613000655713662
0.8174999999999999,-0.1,0.21032982229828712
0.8249999999999997,-0.1,0.21707232912991287
0.8325,-0.1,0.21313328921143293
0.8399999999999999,-0.1,0.2094998789443055
0.8474999999999997,-0.1,0.2116881107165
0.855,-0.1,0.2328319872919546
0.8624999999999998,-0.1,0.20721597049001506
0.8700000000000001,-0.1,0.2098655832803565
0.8775,-0.1,0.2186522718110657
0.8849999999999998,-0.1,0.21918399417505802
0.8925000000000001,-0.1,0.21999309630531852
0.8999999999999999,-0.1,0.21426450579401574
0.9074999999999998,-0.1,0.1957356708945952
0.915,-0.1,0.22451999446485624
0.9224999999999999,-0.1,0.1956406574544445
0.9299999999999997,-0.1,0.21064528083213807
0.9375,-0.1,0.19965080767039414
0.9449999999999998,-0.1,0.20678118881464236
0.9525000000000001,-0.1,0.21082777286856
0.96,-0.1,0.21072306610156116
0.9674999999999998,-0.1,0.2117385923546111
0.9750000000000001,-0.1,0.22406725461608795
0.9824999999999999,-0.1,0.21201399561645065
0.9899999999999998,-0.1,0.20475774276550163
0.9975,-0.1,0.21725548252117868
1.005,-0.1,0.21956662421180964
1.0124999999999997,-0.1,0.19449956897297577
1.02,-0.1,0.21338582810885942
1.0274999999999999,-0.1,0.21443889979871708
1.0349999999999997,-0.1,0.2040728782811267
1.0425,-0.1,0.22138277197304906
1.0499999999999998,-0.1,0.20556152849260564
1.0575,-0.1,0.2083969096677207
1.065,-0.1,0.20528629250799618
1.0724999999999998,-0.1,0.20722177679129114
1.08,-0.1,0.19569442755490798
1.0875,-0.1,0.1921200906717797
1.0949999999999998,-0.1,0.22351427221431602
1.1025,-0.1,0.19822879580717287
1.1099999999999999,-0.1,0.19671951462767623
1.1174999999999997,-0.1,0.18468088775619304
1.125,-0.1,0.20033873936252944
1.1324999999999998,-0.1,0.19324682153522815
1.1399999999999997,-0.1,0.2239118125139613
1.1475,-0.1,0.21735742753687115
1.1549999999999998,-0.1,0.19977902905945166
1.1625,-0.1,0.23018567037535598
1.17,-0.1,0.21702927917973686
1.1774999999999998,-0.1,0.20350317436849158
1.185,-0.1,0.18100175437374055
1.1925,-0.1,0.23053480574832722
1.1999999999999997,-0.1,0.19246125284258064
1.2075,-0.1,0.189806722082341
1.2149999999999999,-0.1,0.217386665910313
1.2224999999999997,-0.1,0.23203118392874297
1.23,-0.1,0.22110814250705343
1.2374999999999998,-0.1,0.21261730582188249
1.245,-0.1,0.2129280873046993
1.2525,-0.1,0.2155944816834185
1.2599999999999998,-0.1,0.21461010853352788
1.2675,-0.1,0.2096641500293359
1.275,-0.1,0.20782781591298957
1.2824999999999998,-0.1,0.20609730792189931
1.29,-0.1,0.1989446949951505
1.2974999999999999,-0.1,0.20383144849963997
1.3049999999999997,-0.1,0.18922827826981492
1.3125,-0.1,0.2057057514615844
1.3199999999999998,-0.1,0.1964994394987768
1.3274999999999997,-0.1,0.19530654993863625
1.335,-0.1,0.2085678794860008
1.3424999999999998,-0.1,0.2210912713553349
1.35,-0.1,0.21619172573532142
1.3575,-0.1,0.19046649842449795
1.3649999999999998,-0.1,0.19646669162121463
1.3725,-0.1,0.21641371509117455
1.38,-0.1,0.19653510308658742
1.3874999999999997,-0.1,0.20436465521938532
1.395,-0.1,0.21236820093398218
1.4024999999999999,-0.1,0.19667490372194613
1.4099999999999997,-0.1,0.2077690571628066
1.4175,-0.1,0.19289284974445137
1.4249999999999998,-0.1,0.20046281483360517
1.4325,-0.1,0.2099807431405814
1.44,-0.1,0.19021368283069007
1.4474999999999998,-0.1,0.21122639583509895
1.455,-0.1,0.20647126768125848
1.4625,-0.1,0.21238322080771868
1.4699999999999998,-0.1,0.20898777775870941
1.4775,-0.1,0.2207707009585009
1.4849999999999999,-0.1,0.2079684700958303
1.4924999999999997,-0.1,0.20223761661945688
1.5,-0.1,0.207939523650902
-1.5,0.1,0.21153118555824
-1.4925,0.1,0.2064340462423284
-1.485,0.1,0.20634303808999432
-1.4775,0.1,0.19869166557329399
-1.47,0.1,0.19908869840512358
-1.4625,0.1,0.19146780726860013
-1.455,0.1,0.2239149464593942
-1.4475,0.1,0.19309211408828436
-1.44,0.1,0.1987591837591664
-1.4325,0.1,0.1984917997733518
-1.425,0.1,0.21509490327418015
-1.4175,0.1,0.2028414858930878
-1.41,0.1,0.2187168337363076
-1.4025,0.1,0.19893596722397908
-1.395,0.1,0.20873584766389183
-1.3875,0.1,0.19726162763268681
-1.38,0.1,0.22793529096749138
-1.3725,0.1,0.19362828659436213
-1.365,0.1,0.20903670157555734
-1.3575,0.1,0.21236716782833295
-1.35,0.1,0.21009947851251426
-1.3425,0.1,0.2039302770935355
-1.335,0.1,0.20449789109378275
-1.3275000000000001,0.1,0.20628173819959958
-1.32,0.1,0.20431503061509068
-1.3125,0.1,0.21574460017500888
-1.305,0.1,0.22857118077119742
-1.2975,0.1,0.20008277881086406
-1.29,0.1,0.19172111162594319
-1.2825,0.1,0.2049069258681922
-1.275,0.1,0.23236034741344566
-1.2675,0.1,0.19754129299673429
-1.26,0.1,0.2226772231919074
-1.2525,0.1,0.22307264978581823
-1.245,0.1,0.200110463470779
-1.2375,0.1,0.21166094453209844
-1.23,0.1,0.2225615841736633
-1.2225000000000001,0.1,0.20190289514664622
-1.215,0.1,0.2037087285462274
-1.2075,0.1,0.19981761461634678
-1.2,0.1,0.19536099522556222
-1.1925,0.1,0.1991218159407319
-1.185,0.1,0.19320862272051423
-1.1775,0.1,0.20615427084471277
-1.17,0.1,0.1978809511447573
-1.1625,0.1,0.20821064638031048
-1.155,0.1,0.18979531142514502
-1.1475,0.1,0.20921203836957397
-1.1400000000000001,0.1,0.21438597448148158
-1.1325,0.1,0.18529370210687665
-1.125,0.1,0.20966142203663604
-1.1175,0.1,0.21844785886859047
-1.1099999999999999,0.1,0.193368406998646
-1.1025,0.1,0.22303157976298693
-1.095,0.1,0.21013419733986163
-1.0875,0.1,0.19856964422820267
-1.08,0.1,0.20525447759663623
-1.0725,0.1,0.21157807028881523
-1.065,0.1,0.20661805470239267
-1.0575,0.1,0.21138478904494554
-1.05,0.1,0.19636850320100416
-1.0425,0.1,0.20759203818995864
-1.0350000000000001,0.1,0.19130288009381463
-1.0275,0.1,0.2047141461335114
-1.02,0.1,0.19656033767797695
-1.0125,0.1,0.1982990358203969
-1.005,0.1,0.21860039107108548
-0.9975,0.1,0.21711672576772298
-0.99,0.1,0.21216005077772607
-0.9825,0.1,0.19465111947253586
-0.975,0.1,0.20264608866268732
-0.9675,0.1,0.2184007074337168
-0.96,0.1,0.20737824684828998
-0.9525,0.1,0.22980809649621828
-0.9450000000000001,0.1,0.2099859609811589
-0.9375,0.1,0.207922597439231
-0.93,0.1,0.20277115536864132
-0.9225,0.1,0.20733927269256447
-0.915,0.1,0.20440386085732215
-0.9075,0.1,0.21327751239523965
-0.9,0.1,0.215849173728802
-0.8925000000000001,0.1,0.19791062455979572
-0.885,0.1,0.19230527612413123
-0.8775000000000001,0.1,0.18711451625207087
-0.87,0.1,0.21127603218670063
-0.8625,0.1,0.1946877582423652
-0.855,0.1,0.1838866079793771
-0.8475,0.1,0.21008647889354107
-0.8400000000000001,0.1,0.2317866450937555
-0.8325,0.1,0.20604877285815487
-0.8250000000000001,0.1,0.21476820256586782
-0.8175,0.1,0.20698545823633113
-0.81,0.1,0.20513876698578706
-0.8025,0.1,0.21564920470299204
-0.795,0.1,0.2031991655377329
-0.7875,0.1,0.2089663258527694
-0.78,0.1,0.2095446744523213
-0.7725000000000001,0.1,0.19935665719333123
-0.765,0.1,0.21649665971577825
-0.7575000000000001,0.1,0.2044806871337316
-0.75,0.1,0.19850993653438867
-0.7425,0.1,0.21186146439733144
-0.735,0.1,0.19707838300654906
-0.7275,0.1,0.20666125545013497
-0.72,0.1,0.20629921937352694
-0.7125,0.1,0.21762418933315097
-0.7050000000000001,0.1,0.2113408682844022
-0.6975,0.1,0.20620750766462895
-0.6900000000000001,0.1,0.21493451337713537
-0.6825,0.1,0.22087282516684986
-0.675,0.1,0.2123053487923688
-0.6675,0.1,0.20667939902663968
-0.66,0.1,0.1930496673745102
-0.6525000000000001,0.1,0.19562608251045172
-0.645,0.1,0.2035065571150475
-0.6375000000000001,0.1,0.20039236329478988
-0.63,0.1,0.20479065492054177
-0.6225,0.1,0.20734153899792548
-0.615,0.1,0.21226622713632523
-0.6075,0.1,0.20609493879306306
-0.6000000000000001,0.1,0.21189129469148743
-0.5925,0.1,0.20756280683856107
-0.5850000000000001,0.1,0.1864937528045901
-0.5775,0.1,0.19725087364379504
-0.5700000000000001,0.1,0.2055197541783022
-0.5625,0.1,0.1945282285971352
-0.555,0.1,0.21330542318502005
-0.5475,0.1,0.2229898577965765
-0.54,0.1,0.2198053049497796
-0.5325000000000001,0.1,0.20501378754919514
-0.525,0.1,0.2227210219400465
-0.5175000000000001,0.1,0.20886053680925923
-0.51,0.1,0.20387342235128506
-0.5025000000000001,0.1,0.20105728225846262
-0.4950000000000001,0.1,0.20433293646654985
-0.48750000000000004,0.1,0.20349602571976483
-0.48,0.1,0.20934725004594296
-0.47250000000000014,0.1,0.20930176847266846
-0.4650000000000001,0.1,0.20772415929477678
-0.4575,0.1,0.21229068814869692
-0.44999999999999996,0.1,0.22018464415385744
-0.4425000000000001,0.1,0.21774535855836727
-0.43500000000000005,0.1,0.19250199215278824
-0.4275,0.1,0.18144531851726467
-0.41999999999999993,0.1,0.21779582825013938
-0.4125000000000001,0.1,0.19392024619387435
-0.405,0.1,0.20587814426269618
-0.39749999999999996,0.1,0.1961063836624054
-0.3900000000000001,0.1,0.18959552047616443
-0.38250000000000006,0.1,0.21409173605870957
-0.375,0.1,0.216445039761541
-0.36749999999999994,0.1,0.20260009670360463
-0.3600000000000001,0.1,0.18166228554467834
-0.35250000000000004,0.1,0.20308621455601167
-0.345,0.1,0.21297233761577838
-0.33750000000000013,0.1,0.19352202316978448
-0.33000000000000007,0.1,0.21098894322833542
-0.3225,0.1,0.2090124829385513
-0.31499999999999995,0.1,0.2153377997306057
-0.3075000000000001,0.1,0.21063500491770498
-0.30000000000000004,0.1,0.1993008485734384
-0.2925,0.1,0.22214783224153153
-0.28500000000000014,0.1,0.20806256570951656
-0.2775000000000001,0.1,0.20955996048138958
-0.27,0.1,0.20017399294435476
-0.26249999999999996,0.1,0.20544505840937108
-0.2550000000000001,0.1,0.20093510254807623
-0.24750000000000005,0.1,0.20855560258003197
-0.24,0.1,0.2285357166670211
-0.23250000000000015,0.1,0.19621637093956382
-0.2250000000000001,0.1,0.193812427887456
-0.21750000000000003,0.1,0.22649999900469378
-0.20999999999999996,0.1,0.20893601926262848
-0.20250000000000012,0.1,0.20424801152112518
-0.19500000000000006,0.1,0.22249193300970221
-0.1875,0.1,0.20526994955252714
-0.18000000000000016,0.1,0.23121542467295803
-0.1725000000000001,0.1,0.21925901583510313
-0.16500000000000004,0.1,0.20709899991707914
-0.15749999999999997,0.1,0.23541361021216806
-0.15000000000000013,0.1,0.20627478448949127
-0.14250000000000007,0.1,0.22085194753441556
-0.135,0.1,0.2163840436756378
-0.12749999999999995,0.1,0.2273399513806626
-0.1200000000000001,0.1,0.23039762393076757
-0.11250000000000004,0.1,0.21433074093421764
-0.10499999999999998,0.1,0.20620513671097127
-0.09750000000000014,0.1,0.21951427311023378
-0.09000000000000008,0.1,0.20761359562898807
-0.08250000000000002,0.1,0.23689358879005512
-0.07499999999999996,0.1,0.21704600485741443
-0.06750000000000012,0.1,0.21199474392490278
-0.06000000000000005,0.1,0.21831994239573171
-0.05249999999999999,0.1,0.20212780551492704
-0.04500000000000015,0.1,0.20660099155650458
-0.03750000000000009,0.1,0.23065845814339292
-0.030000000000000027,0.1,0.2109083210026977
-0.022499999999999964,0.1,0.20712933775867629
-0.015000000000000124,0.1,0.22497859465907058
-0.007500000000000062,0.1,0.23268309481139227
0.0,0.1,0.22817379409418334
0.00749999999999984,0.1,0.23189049247156174
0.014999999999999902,0.1,0.21318082271141608
0.022499999999999964,0.1,0.2064831598289869
0.030000000000000027,0.1,0.2398007801578646
0.03749999999999987,0.1,0.22027125585060958
0.04499999999999993,0.1,0.22195283441546593
0.05249999999999999,0.1,0.2407196364977051
0.06000000000000005,0.1,0.23306970613360894
0.0674999999999999,0.1,0.23307789751792693
0.07499999999999996,0.1,0.25390137435552373
0.08250000000000002,0.1,0.22301499323387983
0.08999999999999986,0.1,0.24264078774583572
0.09749999999999992,0.1,0.23414721165889832
0.10499999999999998,0.1,0.23840599340074914
0.11250000000000004,0.1,0.2553337581340954
0.11999999999999988,0.1,0.24547054750623148
0.12749999999999995,0.1,0.24835636735283784
0.135,0.1,0.25774150335266716
0.14249999999999985,0.1,0.24326645699151445
0.1499999999999999,0.1,0.24087752004482066
0.15749999999999997,0.1,0.24230134481812424
0.16500000000000004,0.1,0.23500678823085877
0.17249999999999988,0.1,0.29397172246416337
0.17999999999999994,0.1,0.258665536637501
0.1875,0.1,0.27955816507336195
0.19499999999999984,0.1,0.28994917239637025
0.2024999999999999,0.1,0.31364499527563805
0.20999999999999996,0.1,0.3427200204060275
0.21750000000000003,0.1,0.3743945574961268
0.22499999999999987,0.1,0.39421431731368106
0.23249999999999993,0.1,0.48824249106308554
0.24,0.1,0.7115514910836347
0.24749999999999983,0.1,1.9231176166657518
0.2549999999999999,0.1,1.252251406488026
0.26249999999999996,0.1,0.6228289487412693
0.27,0.1,0.47635063399751787
0.27749999999999986,0.1,0.4034203135945327
0.2849999999999999,0.1,0.3711956989399805
0.2925,0.1,0.32760711440699053
0.2999999999999998,0.1,0.2865552175219152
0.3074999999999999,0.1,0.29875433678801494
0.31499999999999995,0.1,0.27327777067962583
0.3225,0.1,0.2669515635383991
0.32999999999999985,0.1,0.2753074776898625
0.3374999999999999,0.1,0.27809766978214245
0.345,0.1,0.2574539810202683
0.35250000000000004,0.1,0.2570742679462692
0.3599999999999999,0.1,0.27094893847526136
0.36749999999999994,0.1,0.24964159412846432
0.375,0.1,0.2757531399506188
0.38249999999999984,0.1,0.24848510514492458
0.3899999999999999,0.1,0.21845791085143285
0.39749999999999996,0.1,0.24660922411652036
0.405,0.1,0.240448373899287
0.41249999999999987,0.1,0.24952077603560507
0.41999999999999993,0.1,0.24083768588549143
0.4275,0.1,0.23010227119888044
0.43499999999999983,0.1,0.2164116683885765
0.4424999999999999,0.1,0.22703549052292987
0.44999999999999996,0.1,0.21871241962023388
0.4575,0.1,0.2208903436079877
0.46499999999999986,0.1,0.23329636933773776
0.4724999999999999,0.1,0.2446747997125899
0.48,0.1,0.22950796711457538
0.4874999999999998,0.1,0.21094641775337683
0.4949999999999999,0.1,0.22867442668514376
0.5025,0.1,0.2364286604089395
0.5099999999999998,0.1,0.21571421757227346
0.5175000000000001,0.1,0.2204610962975622
0.5249999999999999,0.1,0.22159226783564928
0.5324999999999998,0.1,0.21226870114702018
0.54,0.1,0.22762204344339587
0.5474999999999999,0.1,0.21870529525890178
0.5549999999999997,0.1,0.22422571680542097
0.5625,0.1,0.20949474444682728
0.5699999999999998,0.1,0.21405910568695516
0.5775000000000001,0.1,0.22637879506630013
0.585,0.1,0.21407886619092723
0.5924999999999998,0.1,0.2366277708991785
0.6000000000000001,0.1,0.21316200594103418
0.6074999999999999,0.1,0.21965100559400744
0.6149999999999998,0.1,0.2270415644057521
0.6225,0.1,0.20128942338867184
0.6299999999999999,0.1,0.19734205172282168
0.6374999999999997,0.1,0.19965546185556415
0.645,0.1,0.2295336003727234
0.6524999999999999,0.1,0.20972260365800474
0.6600000000000001,0.1,0.24301121176218848
0.6675,0.1,0.20916784103504737
0.6749999999999998,0.1,0.21702031005761657
0.6825000000000001,0.1,0.2314048631749317
0.69,0.1,0.23618082294921952
0.6974999999999998,0.1,0.2365745479636827
0.7050000000000001,0.1,0.22723983190192357
0.7124999999999999,0.1,0.22508715454094005
0.7199999999999998,0.1,0.2202989623555641
0.7275,0.1,0.2221233417721427
0.7349999999999999,0.1,0.2077624179108237
0.7424999999999997,0.1,0.2047691677331979
0.75,0.1,0.21332567489290302
0.7574999999999998,0.1,0.2114101344472792
0.7650000000000001,0.1,0.20826293072544563
0.7725,0.1,0.22037888030268055
0.7799999999999998,0.1,0.22300584799386006
0.7875000000000001,0.1,0.21365968826473045
0.7949999999999999,0.1,0.2283094763357896
0.8024999999999998,0.1,0.20036057552243444
0.81,0.1,0.2103248942737225
0.8174999999999999,0.1,0.2046674620344283
0.8249999999999997,0.1,0.19237173859265472
0.8325,0.1,0.21119712581485547
0.8399999999999999,0.1,0.21068712188219182
0.8474999999999997,0.1,0.2279178575565027
0.855,0.1,0.2184734913422663
0.8624999999999998,0.1,0.2008641314051879
0.8700000000000001,0.1,0.23123819252765576
0.8775,0.1,0.2244518364346764
0.8849999999999998,0.1,0.21761106597902183
0.8925000000000001,0.1,0.20898477899349666
0.8999999999999999,0.1,0.2011659426674152
0.9074999999999998,0.1,0.20729773276932598
0.915,0.1,0.2226519438837189
0.9224999999999999,0.1,0.23097806194254522
0.9299999999999997,0.1,0.2273024762823846
0.9375,0.1,0.2057976862831392
0.9449999999999998,0.1,0.19908413487341184
0.9525000000000001,0.1,0.21231286007581734
0.96,0.1,0.19213077155121439
0.9674999999999998,0.1,0.2141130929618539
0.9750000000000001,0.1,0.20909652311611995
0.9824999999999999,0.1,0.2056882266855855
0.9899999999999998,0.1,0.1937537830436719
0.9975,0.1,0.2158939865285336
1.005,0.1,0.20483236122608323
1.0124999999999997,0.1,0.19808068983475466
1.02,0.1,0.18013150788060756
1.0274999999999999,0.1,0.2100023853120435
1.0349999999999997,0.1,0.2288761291869682
1.0425,0.1,0.2276608782880931
1.0499999999999998,0.1,0.2053542997920078
1.0575,0.1,0.2037883234649726
1.065,0.1,0.21499760567701381
1.0724999999999998,0.1,0.199548856438761
1.08,0.1,0.21316321229058002
1.0875,0.1,0.2179985948239418
1.0949999999999998,0.1,0.2227972264143897
1.1025,0.1,0.20883227818201106
1.1099999999999999,0.1,0.20771118057648505
1.1174999999999997,0.1,0.2006033876574634
1.125,0.1,0.20110760386538964
1.1324999999999998,0.1,0.20737323531433485
1.1399999999999997,0.1,0.21356904817058622
1.1475,0.1,0.21926455576023887
1.1549999999999998,0.1,0.20123682959579178
1.1625,0.1,0.22527279306969428
1.17,0.1,0.2067577564375923
1.1774999999999998,0.1,0.20934773049725208
1.185,0.1,0.2017161649911028
1.1925,0.1,0.18412266289329537
1.1999999999999997,0.1,0.21875364971769065
1.2075,0.1,0.21718624055467878
1.2149999999999999,0.1,0.2064988755823575
1.2224999999999997,0.1,0.2101231988514227
1.23,0.1,0.21480096531623846
1.2374999999999998,0.1,0.19301904150409457
1.245,0.1,0.20381771855860803
1.2525,0.1,0.21764832151311647
1.2599999999999998,0.1,0.196187703260396
1.2675,0.1,0.21236717288322568
1.275,0.1,0.19508110797820333
1.2824999999999998,0.1,0.2141378267149481
1.29,0.1,0.2088667934739267
1.2974999999999999,0.1,0.19232617587589307
1.3049999999999997,0.1,0.2213888316061193
1.3125,0.1,0.2015055260293243
1.3199999999999998,0.1,0.20069889670272187
1.3274999999999997,0.1,0.2112551567058701
1.335,0.1,0.22115414088130467
1.3424999999999998,0.1,0.19850635958913707
1.35,0.1,0.20975909580057783
1.3575,0.1,0.21358390545449663
1.3649999999999998,0.1,0.2163334653184576
1.3725,0.1,0.2109192473516009
1.38,0.1,0.20522589965194435
1.3874999999999997,0.1,0.20040020117293353
1.395,0.1,0.20993951562449742
1.4024999999999999,0.1,0.19782271234732013
1.4099999999999997,0.1,0.1784867327019741
1.4175,0.1,0.2135692849278141
1.4249999999999998,0.1,0.21844314028058454
1.4325,0.1,0.1842964089008348
1.44,0.1,0.19842778764875207
1.4474999999999998,0.1,0.2154387497080643
1.455,0.1,0.23045784434414843
1.4625,0.1,0.20917010645665302
1.4699999999999998,0.1,0.20133940016384008
1.4775,0.1,0.20702682978853706
1.4849999999999999,0.1,0.2232930143395271
1.4924999999999997,0.1,0.20217562366049444
1.5,0.1,0.20056868482347598
-1.5,0.5,0.19873961306409496
-1.4925,0.5,0.19394227352432772
-1.485,0.5,0.20489290775963087
-1.4775,0.5,0.22018062144265696
-1.47,0.5,0.20692228643788538
-1.4625,0.5,0.2010581253659185
-1.455,0.5,0.20065118593760073
-1.4475,0.5,0.18770235522877576
-1.44,0.5,0.21260246035754377
-1.4325,0.5,0.20281448381217443
-1.425,0.5,0.20176470587331152
-1.4175,0.5,0.23610262059309214
-1.41,0.5,0.20663374346772692
-1.4025,0.5,0.19593519584782762
-1.395,0.5,0.1992435404124537
-1.3875,0.5,0.2152691284979758
-1.38,0.5,0.20472784655404647
-1.3725,0.5,0.18893118616588994
-1.365,0.5,0.21292294093150213
-1.3575,0.5,0.19676233501487264
-1.35,0.5,0.22262532137195254
-1.3425,0.5,0.21454777275410963
-1.335,0.5,0.19899906242329835
-1.3275000000000001,0.5,0.2165856908467681
-1.32,0.5,0.20423549774148378
-1.3125,0.5,0.21222044214732141
-1.305,0.5,0.20847168175749756
-1.2975,0.5,0.19492242427170053
-1.29,0.5,0.1969835806293258
-1.2825,0.5,0.21401142075971027
-1.275,0.5,0.20012062122194763
-1.2675,0.5,0.1994173167457888
-1.26,0.5,0.19380314567309812
-1.2525,0.5,0.20783093428211183
-1.245,0.5,0.22450637818380773
-1.2375,0.5,0.19265333191421452
-1.23,0.5,0.2037609909200792
-1.2225000000000001,0.5,0.21788311881055228
-1.215,0.5,0.20270093499822356
-1.2075,0.5,0.2081130451538292
-1.2,0.5,0.19269837057313466
-1.1925,0.5,0.2078657663514024
-1.185,0.5,0.20160236389124486
-1.1775,0.5,0.21353589498661335
-1.17,0.5,0.2155871017752847
-1.1625,0.5,0.22985404209405882
-1.155,0.5,0.20940216618336097
-1.1475,0.5,0.206819116621316
-1.1400000000000001,0.5,0.20548192763196024
-1.1325,0.5,0.19991060292420545
-1.125,0.5,0.20694856738494896
-1.1175,0.5,0.200499078249119
-1.1099999999999999,0.5,0.20521960133563824
-1.1025,0.5,0.2169132040005002
-1.095,0.5,0.1932652492355593
-1.0875,0.5,0.2151070336975788
-1.08,0.5,0.216911863174878
-1.0725,0.5,0.2023096397529154
-1.065,0.5,0.18192147669004505
-1.0575,0.5,0.1973294936924391
-1.05,0.5,0.21671452564336507
-1.0425,0.5,0.20328602620048475
-1.0350000000000001,0.5,0.19335215977779294
-1.0275,0.5,0.19838700825066094
-1.02,0.5,0.21208088166737543
-1.0125,0.5,0.20909324527783166
-1.005,0.5,0.20110106839463537
-0.9975,0.5,0.19980286075373932
-0.99,0.5,0.19955261649400546
-0.9825,0.5,0.19415578754284368
-0.975,0.5,0.2199875651747514
-0.9675,0.5,0.20027105854995464
-0.96,0.5,0.21594390823751522
-0.9525,0.5,0.2190445513339208
-0.9450000000000001,0.5,0.21372649225475274
-0.9375,0.5,0.19917724027222536
-0.93,0.5,0.20768529566322025
-0.9225,0.5,0.2033350679811107
-0.915,0.5,0.19438803322169662
-0.9075,0.5,0.2068950222443857
-0.9,0.5,0.19159682591268193
-0.8925000000000001,0.5,0.21569685089292964
-0.885,0.5,0.1988825799171629
-0.8775000000000001,0.5,0.20566769021778064
-0.87,0.5,0.2065112041383458
-0.8625,0.5,0.20099837822191152
-0.855,0.5,0.20961604954455115
-0.8475,0.5,0.1988146104079325
-0.8400000000000001,0.5,0.21253101650070075
-0.8325,0.5,0.18996066151835628
-0.8250000000000001,0.5,0.2049631737699764
-0.8175,0.5,0.22343188934039704
-0.81,0.5,0.19350666850417672
-0.8025,0.5,0.19680155105140998
-0.795,0.5,0.2089491173601603
-0.7875,0.5,0.2055542121560231
-0.78,0.5,0.20730740412530857
-0.7725000000000001,0.5,0.2087300999124246
-0.765,0.5,0.21022435949530888
-0.7575000000000001,0.5,0.21507565112751775
-0.75,0.5,0.20795711940331368
-0.7425,0.5,0.20133538636768053
-0.735,0.5,0.2106600828944051
-0.7275,0.5,0.22318093585938867
-0.72,0.5,0.20248086222326675
-0.7125,0.5,0.1939135744696075
-0.7050000000000001,0.5,0.21514480220857626
-0.6975,0.5,0.2026475738649218
-0.6900000000000001,0.5,0.1817402542891264
-0.6825,0.5,0.21254428679529197
-0.675,0.5,0.1984619522315858
-0.6675,0.5,0.20301294163726996
-0.66,0.5,0.20733783026596728
-0.6525000000000001,0.5,0.2059119591375866
-0.645,0.5,0.21122222822188985
-0.6375000000000001,0.5,0.19956183035155295
-0.63,0.5,0.20925611468634187
-0.6225,0.5,0.20139240971324554
-0.615,0.5,0.21159724050871218
-0.6075,0.5,0.21035768127923696
-0.6000000000000001,0.5,0.1945522339980805
-0.5925,0.5,0.21520202002180025
-0.5850000000000001,0.5,0.1986687387326019
-0.5775,0.5,0.2124091934485453
-0.5700000000000001,0.5,0.20793190962187746
-0.5625,0.5,0.22297271415584677
-0.555,0.5,0.2019452886986241
-0.5475,0.5,0.2006830274373877
-0.54,0.5,0.20407587158878657
-0.5325000000000001,0.5,0.20120158591987147
-0.525,0.5,0.21249576921235866
-0.5175000000000001,0.5,0.18783430730791728
-0.51,0.5,0.19360757657660785
-0.5025000000000001,0.5,0.19348846631067146
-0.4950000000000001,0.5,0.2141421998196132
-0.48750000000000004,0.5,0.2219438042690258
-0.48,0.5,0.20341701934572898
-0.47250000000000014,0.5,0.20278767818760235
-0.4650000000000001,0.5,0.20526014575149745
-0.4575,0.5,0.2164585887099938
-0.44999999999999996,0.5,0.19511806249564642
-0.4425000000000001,0.5,0.20707580630090017
-0.43500000000000005,0.5,0.21464893313117261
-0.4275,0.5,0.20983118917676272
-0.41999999999999993,0.5,0.20667701842956948
-0.4125000000000001,0.5,0.2150201864065819
-0.405,0.5,0.17712436232445802
-0.39749999999999996,0.5,0.21178536083627955
-0.3900000000000001,0.5,0.19817910348070333
-0.38250000000000006,0.5,0.18616079829489715
-0.375,0.5,0.21019450574393705
-0.36749999999999994,0.5,0.21907493301566408
-0.3600000000000001,0.5,0.20362648430160582
-0.35250000000000004,0.5,0.21484740277826778
-0.345,0.5,0.2216543285871354
-0.33750000000000013,0.5,0.21865045074899828
-0.33000000000000007,0.5,0.22203244096833347
-0.3225,0.5,0.2128669946022722
-0.31499999999999995,0.5,0.20607114562582973
-0.3075000000000001,0.5,0.18889611336294312
-0.30000000000000004,0.5,0.2028648502315597
-0.2925,0.5,0.1967790210006685
-0.28500000000000014,0.5,0.2277965205106599
-0.2775000000000001,0.5,0.20373474139608472
-0.27,0.5,0.20686128426776912
-0.26249999999999996,0.5,0.21131897860043833
-0.2550000000000001,0.5,0.2061516396078093
-0.24750000000000005,0.5,0.22319783968383475
-0.24,0.5,0.19940894718122576
-0.23250000000000015,0.5,0.20787836408322066
-0.2250000000000001,0.5,0.19829001465423793
-0.21750000000000003,0.5,0.19240035192066343
-0.20999999999999996,0.5,0.19975600620131784
-0.20250000000000012,0.5,0.2057414539633504
-0.19500000000000006,0.5,0.20176289824854013
-0.1875,0.5,0.19911508406534936
-0.18000000000000016,0.5,0.19181665909124151
-0.1725000000000001,0.5,0.20553719057952863
-0.16500000000000004,0.5,0.1909329940819254
-0.15749999999999997,0.5,0.21438943658104742
-0.15000000000000013,0.5,0.20746732565609197
-0.14250000000000007,0.5,0.19162950642769572
-0.135,0.5,0.2035749410263942
-0.12749999999999995,0.5,0.1990732908621715
-0.1200000000000001,0.5,0.2102377717249865
-0.11250000000000004,0.5,0.22089514142231437
-0.10499999999999998,0.5,0.18768890825711115
-0.09750000000000014,0.5,0.20838758453926642
-0.09000000000000008,0.5,0.20562741583607866
-0.08250000000000002,0.5,0.21434163535599862
-0.07499999999999996,0.5,0.20968788307419292
-0.06750000000000012,0.5,0.1997698685482927
-0.06000000000000005,0.5,0.2043619663615537
-0.05249999999999999,0.5,0.19950825232183328
-0.04500000000000015,0.5,0.21906809596584603
-0.03750000000000009,0.5,0.20821400294003373
-0.030000000000000027,0.5,0.22788591867796482
-0.022499999999999964,0.5,0.20758635973594106
-0.015000000000000124,0.5,0.20095580788751882
-0.007500000000000062,0.5,0.19267832785355965
0.0,0.5,0.18977410756695856
0.00749999999999984,0.5,0.1921748925349115
0.014999999999999902,0.5,0.2116253914563809
0.022499999999999964,0.5,0.21428537973071973
0.030000000000000027,0.5,0.19257557778050766
0.03749999999999987,0.5,0.21861319391238443
0.04499999999999993,0.5,0.2043367489714547
0.05249999999999999,0.5,0.21108171323125732
0.06000000000000005,0.5,0.22660142009151565
0.0674999999999999,0.5,0.2192660273577086
0.07499999999999996,0.5,0.2071986788634422
0.08250000000000002,0.5,0.20082030007838275
0.08999999999999986,0.5,0.18772605957297062
0.09749999999999992,0.5,0.20296611324543065
0.10499999999999998,0.5,0.2084952577597944
0.11250000000000004,0.5,0.20049833528068317
0.11999999999999988,0.5,0.20971784449655934
0.12749999999999995,0.5,0.21211608294718645
0.135,0.5,0.2091333845277831
0.14249999999999985,0.5,0.20484417955234824
0.1499999999999999,0.5,0.213733454864301
0.15749999999999997,0.5,0.2168627787129211
0.16500000000000004,0.5,0.20082958086384123
0.17249999999999988,0.5,0.2276560038681813
0.17999999999999994,0.5,0.2118566675397918
0.1875,0.5,0.21336803946809269
0.19499999999999984,0.5,0.2209952813954411
0.2024999999999999,0.5,0.21620928195310654
0.20999999999999996,0.5,0.22420609762755425
0.21750000000000003,0.5,0.2173845657952002
0.22499999999999987,0.5,0.20804784175363789
0.23249999999999993,0.5,0.21882890783082615
0.24,0.5,0.20296906151292213
0.24749999999999983,0.5,0.2168001683634053
0.2549999999999999,0.5,0.2156344251738453
0.26249999999999996,0.5,0.21412011225949
0.27,0.5,0.21537251166608545
0.27749999999999986,0.5,0.19674158503453942
0.2849999999999999,0.5,0.21163418825801888
0.2925,0.5,0.21906361554846465
0.2999999999999998,0.5,0.22026479859818765
0.3074999999999999,0.5,0.2077529386044032
0.31499999999999995,0.5,0.23340926264521675
0.3225,0.5,0.2105218055902559
0.32999999999999985,0.5,0.23130655573765935
0.3374999999999999,0.5,0.2259262245261954
0.345,0.5,0.2146525304595499
0.35250000000000004,0.5,0.24221798906447584
0.3599999999999999,0.5,0.20983696684411232
0.36749999999999994,0.5,0.23416645257042917
0.375,0.5,0.23587868467621936
0.38249999999999984,0.5,0.2178869719771629
0.3899999999999999,0.5,0.24205592233569842
0.39749999999999996,0.5,0.2243649983235634
0.405,0.5,0.23146096576246758
0.41249999999999987,0.5,0.23217419800847855
0.41999999999999993,0.5,0.22873592404637452
0.4275,0.5,0.24083131154087287
0.43499999999999983,0.5,0.241928701724465
0.4424999999999999,0.5,0.2135751644552254
0.44999999999999996,0.5,0.2508343059946997
0.4575,0.5,0.21732837310397338
0.46499999999999986,0.5,0.2510369809189468
0.4724999999999999,0.5,0.2540880056944165
0.48,0.5,0.22929431141680243
0.4874999999999998,0.5,0.2396678567343006
0.4949999999999999,0.5,0.23341570678021636
0.5025,0.5,0.2470160924901674
0.5099999999999998,0.5,0.2487144452020115
0.5175000000000001,0.5,0.265813116102113
0.5249999999999999,0.5,0.27646116854778285
0.5324999999999998,0.5,0.28193818050873737
0.54,0.5,0.26064838447082117
0.5474999999999999,0.5,0.2706419306429368
0.5549999999999997,0.5,0.25611574249458263
0.5625,0.5,0.2752964037223763
0.5699999999999998,0.5,0.3096454535166972
0.5775000000000001,0.5,0.3303793959417222
0.585,0.5,0.29868166797018736
0.5924999999999998,0.5,0.3243261847609164
0.6000000000000001,0.5,0.3543574178320419
0.6074999999999999,0.5,0.38792549302727575
0.6149999999999998,0.5,0.4048567774355293
0.6225,0.5,0.4924057006398261
0.6299999999999999,0.5,0.5719976021372984
0.6374999999999997,0.5,0.8059275871039892
0.645,0.5,1.641019168264677
0.6524999999999999,0.5,2.666209950091999
0.6600000000000001,0.5,0.9368109498968599
0.6675,0.5,0.645977942224091
0.6749999999999998,0.5,0.5182251191680174
0.6825000000000001,0.5,0.4413104088956648
0.69,0.5,0.39956427798874666
0.6974999999999998,0.5,0.40378898355314896
0.7050000000000001,0.5,0.3611659200828564
0.7124999999999999,0.5,0.32914527703771373
0.7199999999999998,0.5,0.331672511375958
0.7275,0.5,0.304364554451366
0.7349999999999999,0.5,0.318104735570557
0.7424999999999997,0.5,0.29829986918999485
0.75,0.5,0.28488967722497904
0.7574999999999998,0.5,0.2871508155449649
0.7650000000000001,0.5,0.25434360013061974
0.7725,0.5,0.2564633753488227
0.7799999999999998,0.5,0.25201580754899944
0.7875000000000001,0.5,0.26655731354820766
0.7949999999999999,0.5,0.28432937551866116
0.8024999999999998,0.5,0.2878456383103432
0.81,0.5,0.2646853222615328
0.8174999999999999,0.5,0.2606369942958616
0.8249999999999997,0.5,0.2295149746347075
0.8325,0.5,0.2435637474091114
0.8399999999999999,0.5,0.2388399835799148
0.8474999999999997,0.5,0.23937308385562278
0.855,0.5,0.24350310216324747
0.8624999999999998,0.5,0.238434237969111
0.8700000000000001,0.5,0.2188825984817959
0.8775,0.5,0.250773382540296
0.8849999999999998,0.5,0.22771443043065245
0.8925000000000001,0.5,0.24244333771857168
0.8999999999999999,0.5,0.26334132498215335
0.9074999999999998,0.5,0.22675028132305242
0.915,0.5,0.20684791769130106
0.9224999999999999,0.5,0.23261290815277974
0.9299999999999997,0.5,0.24816047868289604
0.9375,0.5,0.25743828582248435
0.9449999999999998,0.5,0.2194107537975986
0.9525000000000001,0.5,0.23891250009649623
0.96,0.5,0.22708630433368845
0.9674999999999998,0.5,0.23066996349795973
0.9750000000000001,0.5,0.26191554898788716
0.9824999999999999,0.5,0.21344423634623022
0.9899999999999998,0.5,0.23319151290796072
0.9975,0.5,0.23514890998477317
1.005,0.5,0.24175163022217233
1.0124999999999997,0.5,0.22997165497676136
1.02,0.5,0.23193530116138206
1.0274999999999999,0.5,0.22353683116745054
1.0349999999999997,0.5,0.23066581074568238
1.0425,0.5,0.22332146001158185
1.0499999999999998,0.5,0.23390314562705528
1.0575,0.5,0.22231365297856084
1.065,0.5,0.23042375940904417
1.0724999999999998,0.5,0.22550184910250312
1.08,0.5,0.2382142633141706
1.0875,0.5,0.2246346048130487
1.0949999999999998,0.5,0.2049808769793121
1.1025,0.5,0.2388116333643669
1.1099999999999999,0.5,0.2142043722738824
1.1174999999999997,0.5,0.21677618867756773
1.125,0.5,0.21718033071337856
1.1324999999999998,0.5,0.23896746198295885
1.1399999999999997,0.5,0.19951168557077598
1.1475,0.5,0.2581398221797173
1.1549999999999998,0.5,0.23468054620958811
1.1625,0.5,0.22518022117493153
1.17,0.5,0.2218748864889732
1.1774999999999998,0.5,0.22545673172985026
1.185,0.5,0.22787345760527686
1.1925,0.5,0.22905493067811708
1.1999999999999997,0.5,0.22787092453739627
1.2075,0.5,0.22252478911342144
1.2149999999999999,0.5,0.21917447701391662
1.2224999999999997,0.5,0.2195167150631213
1.23,0.5,0.21887169979365168
1.2374999999999998,0.5,0.23338690113602734
1.245,0.5,0.22726168088467386
1.2525,0.5,0.18813415211303597
1.2599999999999998,0.5,0.22764299977784122
1.2675,0.5,0.22241686649442324
1.275,0.5,0.21992768612857178
1.2824999999999998,0.5,0.21572514611290367
1.29,0.5,0.23222544519240138
1.2974999999999999,0.5,0.23015040708026535
1.3049999999999997,0.5,0.2111287853517247
1.3125,0.5,0.22396175961561346
1.3199999999999998,0.5,0.20871856227657218
1.3274999999999997,0.5,0.20413668432494472
1.335,0.5,0.21228228518695824
1.3424999999999998,0.5,0.22848528583088065
1.35,0.5,0.22936746379944298
1.3575,0.5,0.22444403479459915
1.3649999999999998,0.5,0.22665886349837114
1.3725,0.5,0.22427277913794
1.38,0.5,0.21152459317495226
1.3874999999999997,0.5,0.22315735800859243
1.395,0.5,0.2270866092651625
1.4024999999999999,0.5,0.22649025450098
1.4099999999999997,0.5,0.23114071453511006
1.4175,0.5,0.22580965853889384
1.4249999999999998,0.5,0.2218336744452384
1.4325,0.5,0.22958197785143208
1.44,0.5,0.2175532676639404
1.4474999999999998,0.5,0.2081625364641986
1.455,0.5,0.21591394403678985
1.4625,0.5,0.20950973778032878
1.4699999999999998,0.5,0.21019852489340599
1.4775,0.5,0.21590043328673275
1.4849999999999999,0.5,0.20878910903569203
1.4924999999999997,0.5,0.21398879987607686
1.5,0.5,0.19669816577771498
-1.5,1.0,0.20435762687804976
-1.4925,1.0,0.20221179417838772
-1.485,1.0,0.1939374097761513
-1.4775,1.0,0.20886155384152816
-1.47,1.0,0.2116739986463283
-1.4625,1.0,0.18594221247939036
-1.455,1.0,0.19448218704350817
-1.4475,1.0,0.19441634525557625
-1.44,1.0,0.19268916727507046
-1.4325,1.0,0.21057597301657624
-1.425,1.0,0.20023021343344508
-1.4175,1.0,0.19951501624698573
-1.41,1.0,0.18193073581467428
-1.4025,1.0,0.20861198921619709
-1.395,1.0,0.18965987239351711
-1.3875,1.0,0.20279377483767003
-1.38,1.0,0.20499197549303025
-1.3725,1.0,0.21594338488500303
-1.365,1.0,0.18895674549513286
-1.3575,1.0,0.17166293097415725
-1.35,1.0,0.20404750073202846
-1.3425,1.0,0.22039164530472796
-1.335,1.0,0.21471522563349543
-1.3275000000000001,1.0,0.20431043470387383
-1.32,1.0,0.19722153602471684
-1.3125,1.0,0.21035251775381267
-1.305,1.0,0.19235168713658252
-1.2975,1.0,0.2070110764727087
-1.29,1.0,0.20730682455295069
-1.2825,1.0,0.2129167491379549
-1.275,1.0,0.2300999041059854
-1.2675,1.0,0.20616890256822135
-1.26,1.0,0.19705774029589737
-1.2525,1.0,0.20194692110360438
-1.245,1.0,0.184321616097555
-1.2375,1.0,0.19518605357368102
-1.23,1.0,0.19807428301810698
-1.2225000000000001,1.0,0.19691602481054488
-1.215,1.0,0.20375809772844863
-1.2075,1.0,0.1939049903114587
-1.2,1.0,0.2135584176557245
-1.1925,1.0,0.2022286985616142
-1.185,1.0,0.20213583024036713
-1.1775,1.0,0.198917718173811
-1.17,1.0,0.20380609683391868
-1.1625,1.0,0.21058394898339036
-1.155,1.0,0.19347577045060196
-1.1475,1.0,0.19559322847471336
-1.1400000000000001,1.0,0.19918105784497395
-1.1325,1.0,0.1886462463111658
-1.125,1.0,0.19397607147051565
-1.1175,1.0,0.19744972508684272
-1.1099999999999999,1.0,0.21111381547906863
-1.1025,1.0,0.2049310624565144
-1.095,1.0,0.20423863308146795
-1.0875,1.0,0.21089213597378564
-1.08,1.0,0.20090185444576442
-1.0725,1.0,0.20624637374728108
-1.065,1.0,0.2012585197139647
-1.0575,1.0,0.2049927812770207
-1.05,1.0,0.1964195750724843
-1.0425,1.0,0.17764967411860788
-1.0350000000000001,1.0,0.2009688568928948
-1.0275,1.0,0.21672737693859048
-1.02,1.0,0.21171119440481923
-1.0125,1.0,0.2121148883771792
-1.005,1.0,0.2148615728116334
-0.9975,1.0,0.20325908968353518
-0.99,1.0,0.20436607711662133
-0.9825,1.0,0.19612729458367567
-0.975,1.0,0.19918668086111033
-0.9675,1.0,0.20862456093920148
-0.96,1.0,0.21458482040400398
-0.9525,1.0,0.2009986103245298
-0.9450000000000001,1.0,0.19786219100009006
-0.9375,1.0,0.20243271341832625
-0.93,1.0,0.20852172396856752
-0.9225,1.0,0.18783055954794156
-0.915,1.0,0.17921144263822533
-0.9075,1.0,0.19689156890837714
-0.9,1.0,0.19011649102916178
-0.8925000000000001,1.0,0.19734021008813896
-0.885,1.0,0.200998801549566
-0.8775000000000001,1.0,0.19791628998827152
-0.87,1.0,0.2172237074335459
-0.8625,1.0,0.20583598254148083
-0.855,1.0,0.20558130701441796
-0.8475,1.0,0.20885123120112178
-0.8400000000000001,1.0,0.1910272838961895
-0.8325,1.0,0.21309815408207472
-0.8250000000000001,1.0,0.20181800186594856
-0.8175,1.0,0.20938967209846732
-0.81,1.0,0.19175188790247744
-0.8025,1.0,0.18688180107972002
-0.795,1.0,0.21092294912680265
-0.7875,1.0,0.20646352075112182
-0.78,1.0,0.19352249606343333
-0.7725000000000001,1.0,0.19386391251218588
-0.765,1.0,0.2140967986188993
-0.7575000000000001,1.0,0.19065035096586597
-0.75,1.0,0.21937008897163238
-0.7425,1.0,0.19360546616405566
-0.735,1.0,0.2092216581296232
-0.7275,1.0,0.19943374720143048
-0.72,1.0,0.20889680290299822
-0.7125,1.0,0.19727978239048355
-0.7050000000000001,1.0,0.2011624352882258
-0.6975,1.0,0.2032447768705007
-0.6900000000000001,1.0,0.19268210043111808
-0.6825,1.0,0.21037805159971976
-0.675,1.0,0.1976750758229132
-0.6675,1.0,0.20057972248508282
-0.66,1.0,0.1928283584129415
-0.6525000000000001,1.0,0.17693581152699223
-0.645,1.0,0.20101534062024282
-0.6375000000000001,1.0,0.22745754624465125
-0.63,1.0,0.21095547591960967
-0.6225,1.0,0.20281614497429967
-0.615,1.0,0.20036281493365166
-0.6075,1.0,0.2032799137416207
-0.6000000000000001,1.0,0.20862765798943905
-0.5925,1.0,0.19110258827051863
-0.5850000000000001,1.0,0.214431378482863
-0.5775,1.0,0.2104022472628373
-0.5700000000000001,1.0,0.21045350111954136
-0.5625,1.0,0.20763506101065518
-0.555,1.0,0.2034025848651403
-0.5475,1.0,0.21006350432898757
-0.54,1.0,0.20926409732780726
-0.5325000000000001,1.0,0.19967525839373276
-0.525,1.0,0.19746722174317577
-0.5175000000000001,1.0,0.2043578992791608
-0.51,1.0,0.21909686555791857
-0.5025000000000001,1.0,0.19077275838734445
-0.4950000000000001,1.0,0.18847395559685157
-0.48750000000000004,1.0,0.20510060764182225
-0.48,1.0,0.20396906225758868
-0.47250000000000014,1.0,0.2052420074951229
-0.4650000000000001,1.0,0.20598820551523545
-0.4575,1.0,0.2012623494909748
-0.44999999999999996,1.0,0.2187261395034379
-0.4425000000000001,1.0,0.1872944576826956
-0.43500000000000005,1.0,0.19518523641254276
-0.4275,1.0,0.2025984764442668
-0.41999999999999993,1.0,0.1869457908072515
-0.4125000000000001,1.0,0.20191948939127907
-0.405,1.0,0.22066731470282408
-0.39749999999999996,1.0,0.2039861727156222
-0.3900000000000001,1.0,0.20615636111875008
-0.38250000000000006,1.0,0.1909945683800583
-0.375,1.0,0.19758822492102873
-0.36749999999999994,1.0,0.20007953410732518
-0.3600000000000001,1.0,0.20069915977110947
-0.35250000000000004,1.0,0.21704461697000169
-0.345,1.0,0.20969743896249463
-0.33750000000000013,1.0,0.19270514942785125
-0.33000000000000007,1.0,0.20659613921341663
-0.3225,1.0,0.20920245193796633
-0.31499999999999995,1.0,0.2157934568965515
-0.3075000000000001,1.0,0.22032988762957095
-0.30000000000000004,1.0,0.193865995969128
-0.2925,1.0,0.19598919140668736
-0.28500000000000014,1.0,0.19146390166081356
-0.2775000000000001,1.0,0.2019600529671049
-0.27,1.0,0.2091582230980707
-0.26249999999999996,1.0,0.2145261496855662
-0.2550000000000001,1.0,0.20369974972577234
-0.24750000000000005,1.0,0.20124850999895366
-0.24,1.0,0.2061151305822012
-0.23250000000000015,1.0,0.1960634600633891
-0.2250000000000001,1.0,0.22603376121977214
-0.21750000000000003,1.0,0.18824380074946148
-0.20999999999999996,1.0,0.206635740042074
-0.20250000000000012,1.0,0.2255125752265285
-0.19500000000000006,1.0,0.20490924926205858
-0.1875,1.0,0.2029414336618549
-0.18000000000000016,1.0,0.20127499925555808
-0.1725000000000001,1.0,0.20313900054341946
-0.16500000000000004,1.0,0.21911326676346837
-0.15749999999999997,1.0,0.18240908066479677
-0.15000000000000013,1.0,0.22087199063772323
-0.14250000000000007,1.0,0.19058718095640126
-0.135,1.0,0.20251450385393743
-0.12749999999999995,1.0,0.20089985753251757
-0.1200000000000001,1.0,0.211405536124329
-0.11250000000000004,1.0,0.189004853960781
-0.10499999999999998,1.0,0.2102252289985035
-0.09750000000000014,1.0,0.22633907235174097
-0.09000000000000008,1.0,0.19158224845541535
-0.08250000000000002,1.0,0.20760670968323572
-0.07499999999999996,1.0,0.19890854179338333
-0.06750000000000012,1.0,0.21016217399009401
-0.06000000000000005,1.0,0.2060409036720941
-0.05249999999999999,1.0,0.19930409617257858
-0.04500000000000015,1.0,0.21099862374738831
-0.03750000000000009,1.0,0.2246294098867028
-0.030000000000000027,1.0,0.20414143558439218
-0.022499999999999964,1.0,0.2135976477827972
-0.015000000000000124,1.0,0.19291109952934088
-0.007500000000000062,1.0,0.19645252926883763
0.0,1.0,0.2112665371250117
0.00749999999999984,1.0,0.22178603602880903
0.014999999999999902,1.0,0.2102123880408704
0.022499999999999964,1.0,0.20338191941885747
0.030000000000000027,1.0,0.20668610002525678
0.03749999999999987,1.0,0.19384461314647622
0.04499999999999993,1.0,0.21310433094084033
0.05249999999999999,1.0,0.21606261407183666
0.06000000000000005,1.0,0.20233662084845494
0.0674999999999999,1.0,0.20223295116753653
0.07499999999999996,1.0,0.20994011342355048
0.08250000000000002,1.0,0.2027468247061841
0.08999999999999986,1.0,0.20667569048464782
0.09749999999999992,1.0,0.22923092769123743
0.10499999999999998,1.0,0.20497961213817753
0.11250000000000004,1.0,0.2039160327620861
0.11999999999999988,1.0,0.20100537434000498
0.12749999999999995,1.0,0.21556080332597924
0.135,1.0,0.2060417844298318
0.14249999999999985,1.0,0.20127149216002252
0.1499999999999999,1.0,0.22187754683810626
0.15749999999999997,1.0,0.2230114050072048
0.16500000000000004,1.0,0.20208205364956583
0.17249999999999988,1.0,0.18899046038084166
0.17999999999999994,1.0,0.21905920654114291
0.1875,1.0,0.20152158896474284
0.19499999999999984,1.0,0.2170310723523892
0.2024999999999999,1.0,0.18831617373668508
0.20999999999999996,1.0,0.21833893349705313
0.21750000000000003,1.0,0.196465915201365
0.22499999999999987,1.0,0.21689828950581036
0.23249999999999993,1.0,0.20952630702712735
0.24,1.0,0.19951086704421603
0.24749999999999983,1.0,0.20536623184291977
0.2549999999999999,1.0,0.2169624514755103
0.26249999999999996,1.0,0.21100965621900875
0.27,1.0,0.21617237141403295
0.27749999999999986,1.0,0.23094425393433266
0.2849999999999999,1.0,0.1938672252811553
0.2925,1.0,0.22747950109028628
0.2999999999999998,1.0,0.21170819792607456
0.3074999999999999,1.0,0.20128868314238324
0.31499999999999995,1.0,0.19688482659006043
0.3225,1.0,0.20907498249190187
0.32999999999999985,1.0,0.2209651059691909
0.3374999999999999,1.0,0.21004636985691663
0.345,1.0,0.2275465054603587
0.35250000000000004,1.0,0.19636876631033573
0.3599999999999999,1.0,0.21177763227341936
0.36749999999999994,1.0,0.19880277173429392
0.375,1.0,0.21612411811132676
0.38249999999999984,1.0,0.22187112722128052
0.3899999999999999,1.0,0.20816600814682407
0.39749999999999996,1.0,0.18511992197935118
0.405,1.0,0.21514996261755207
0.41249999999999987,1.0,0.2178894087701236
0.41999999999999993,1.0,0.21775441549751787
0.4275,1.0,0.22685251253688118
0.43499999999999983,1.0,0.20241425370270286
0.4424999999999999,1.0,0.22136996558744437
0.44999999999999996,1.0,0.22709359674660634
0.4575,1.0,0.19546713595439147
0.46499999999999986,1.0,0.21821656276520193
0.4724999999999999,1.0,0.20960594433177454
0.48,1.0,0.21439768933049466
0.4874999999999998,1.0,0.21927659201480162
0.4949999999999999,1.0,0.2105338193866245
0.5025,1.0,0.20875858039243161
0.5099999999999998,1.0,0.21670170677092865
0.5175000000000001,1.0,0.2048377293348123
0.5249999999999999,1.0,0.20512568774564405
0.5324999999999998,1.0,0.22457510672582393
0.54,1.0,0.2050074199987722
0.5474999999999999,1.0,0.22506851851420892
0.5549999999999997,1.0,0.22317696254951766
0.5625,1.0,0.1996090067032514
0.5699999999999998,1.0,0.21138480833941853
0.5775000000000001,1.0,0.23222795130555843
0.585,1.0,0.2087318363068172
0.5924999999999998,1.0,0.21476112864258098
0.6000000000000001,1.0,0.22533158667144437
0.6074999999999999,1.0,0.2292730435799063
0.6149999999999998,1.0,0.21825025348968757
0.6225,1.0,0.2148254331236993
0.6299999999999999,1.0,0.23764309079762297
0.6374999999999997,1.0,0.24162859066842235
0.645,1.0,0.23365243083296708
0.6524999999999999,1.0,0.22416639813689507
0.6600000000000001,1.0,0.21465256939406266
0.6675,1.0,0.214877957854163
0.6749999999999998,1.0,0.23056715512784254
0.6825000000000001,1.0,0.2299354826610777
0.69,1.0,0.24159044122778742
0.6974999999999998,1.0,0.23369287662863203
0.7050000000000001,1.0,0.2098613866200953
0.7124999999999999,1.0,0.23948536324668207
0.7199999999999998,1.0,0.21675859572651635
0.7275,1.0,0.22439914151108745
0.7349999999999999,1.0,0.23233417765488515
0.7424999999999997,1.0,0.25312713002054965
0.75,1.0,0.2667866434320457
0.7574999999999998,1.0,0.2386643146887918
0.7650000000000001,1.0,0.23029069650593853
0.7725,1.0,0.2394668570056051
0.7799999999999998,1.0,0.24447042913749328
0.7875000000000001,1.0,0.23119731783681496
0.7949999999999999,1.0,0.2570591492068345
0.8024999999999998,1.0,0.2395721939398846
0.81,1.0,0.2437718599137007
0.8174999999999999,1.0,0.24685771476572307
0.8249999999999997,1.0,0.24506214175924235
0.8325,1.0,0.25127129394891373
0.8399999999999999,1.0,0.2348844274712534
0.8474999999999997,1.0,0.23683285588738084
0.855,1.0,0.23149341067029924
0.8624999999999998,1.0,0.2517875431904473
0.8700000000000001,1.0,0.25750736651490963
0.8775,1.0,0.2551258981794534
0.8849999999999998,1.0,0.2720895980505291
0.8925000000000001,1.0,0.2527468218714898
0.8999999999999999,1.0,0.26318705242325385
0.9074999999999998,1.0,0.24263197012123874
0.915,1.0,0.2537280910611344
0.9224999999999999,1.0,0.27004528978713815
0.9299999999999997,1.0,0.2745365484736712
0.9375,1.0,0.26200202427635766
0.9449999999999998,1.0,0.2676903243401697
0.9525000000000001,1.0,0.25098888118570073
0.96,1.0,0.26987856013913025
0.9674999999999998,1.0,0.2906132749546747
0.9750000000000001,1.0,0.2900733295451758
0.9824999999999999,1.0,0.2931947545657224
0.9899999999999998,1.0,0.29120738695227816
0.9975,1.0,0.29547400624382003
1.005,1.0,0.2908270667717614
1.0124999999999997,1.0,0.31744470087258975
1.02,1.0,0.3199766963040925
1.0274999999999999,1.0,0.3287334435750734
1.0349999999999997,1.0,0.32060277457143765
1.0425,1.0,0.3023638934524714
1.0499999999999998,1.0,0.3690402624801127
1.0575,1.0,0.35392635503629527
1.065,1.0,0.36129336662662487
1.0724999999999998,1.0,0.4091105060571818
1.08,1.0,0.4087855724281316
1.0875,1.0,0.4670763025415999
1.0949999999999998,1.0,0.49196458955312095
1.1025,1.0,0.5390307483228796
1.1099999999999999,1.0,0.541384876027673
1.1174999999999997,1.0,0.7077316900256787
1.125,1.0,0.8127115119941791
1.1324999999999998,1.0,1.0241286587770675
1.1399999999999997,1.0,1.6090359326919346
1.1475,1.0,3.8276868585192547
1.1549999999999998,1.0,2.7388282516223135
1.1625,1.0,1.293898338084106
1.17,1.0,0.8976557732254666
1.1774999999999998,1.0,0.7101380219874014
1.185,1.0,0.6905826493606678
1.1925,1.0,0.5604992899364021
1.1999999999999997,1.0,0.5654693226175678
1.2075,1.0,0.472277654514179
1.2149999999999999,1.0,0.41557499636816303
1.2224999999999997,1.0,0.40572430980174284
1.23,1.0,0.434910864504985
1.2374999999999998,1.0,0.38981749331723436
1.245,1.0,0.36837578175803637
1.2525,1.0,0.3696105608864971
1.2599999999999998,1.0,0.36515888983435707
1.2675,1.0,0.36647773492634295
1.275,1.0,0.36359020594760444
1.2824999999999998,1.0,0.32591786637966846
1.29,1.0,0.3039184494842176
1.2974999999999999,1.0,0.3131460907720553
1.3049999999999997,1.0,0.3186590018737802
1.3125,1.0,0.2949193192292016
1.3199999999999998,1.0,0.29092656581066384
1.3274999999999997,1.0,0.3067948442714577
1.335,1.0,0.2972646335003845
1.3424999999999998,1.0,0.2951332412190573
1.35,1.0,0.2805031663737169
1.3575,1.0,0.2853682782396117
1.3649999999999998,1.0,0.2728096215093034
1.3725,1.0,0.2961609663117169
1.38,1.0,0.2957725345596623
1.3874999999999997,1.0,0.25328075359994673
1.395,1.0,0.2641213297261611
1.4024999999999999,1.0,0.2544900567762295
1.4099999999999997,1.0,0.2643807173884486
1.4175,1.0,0.27042045671069376
1.4249999999999998,1.0,0.2503726041133311
1.4325,1.0,0.2560378244251402
1.44,1.0,0.2535596843793114
1.4474999999999998,1.0,0.26833743241275243
1.455,1.0,0.2651941590864225
1.4625,1.0,0.25354189193234233
1.4699999999999998,1.0,0.26416401115327254
1.4775,1.0,0.25359240962498053
1.4849999999999999,1.0,0.25611339561294005
1.4924999999999997,1.0,0.28024749702900026
1.5,1.0,0.27488945955250865
